longitude,latitude,housing_median_age,total_rooms,total_bedrooms,population,households,median_income,median_house_value,ocean_proximity,CLUSTER_ID,city,group
-118.49,34.06,42,2861,360.0,829,310,15.0001,500001,<1H OCEAN,4,Santa Monica,Ultra-High
-118.5,34.05,39,1487,163.0,414,160,15.0,500001,<1H OCEAN,4,Santa Monica,Ultra-High
-118.52,34.05,45,1814,325.0,709,311,4.825,500001,<1H OCEAN,4,Santa Monica,Ultra-High
-118.52,34.04,47,1985,315.0,819,340,6.5147,500001,<1H OCEAN,4,Santa Monica,Ultra-High
-118.54,34.05,33,6778,1092.0,2540,1052,8.565,500001,<1H OCEAN,4,Santa Monica,Ultra-High
-118.55,34.04,41,1482,239.0,617,242,8.8619,500001,<1H OCEAN,4,Santa Monica,Ultra-High
-118.54,34.06,21,3755,525.0,1493,526,11.4233,500001,<1H OCEAN,4,Santa Monica,Ultra-High
-118.55,34.03,35,9075,1858.0,3646,1724,6.0307,500001,<1H OCEAN,4,Santa Monica,Ultra-High
-118.52,34.04,42,993,130.0,368,134,10.8082,500001,<1H OCEAN,4,Santa Monica,Ultra-High
-118.52,34.04,43,2167,254.0,761,256,13.6842,500001,<1H OCEAN,4,Santa Monica,Ultra-High
-118.53,34.04,45,1711,264.0,735,261,9.1078,500001,<1H OCEAN,4,Santa Monica,Ultra-High
-118.53,34.03,40,4350,763.0,1551,665,7.0318,500001,<1H OCEAN,4,Santa Monica,Ultra-High
-118.5,34.05,36,4152,542.0,1461,550,15.0001,500001,<1H OCEAN,4,Santa Monica,Ultra-High
-118.55,33.99,39,2603,456.0,928,410,7.9096,500001,NEAR OCEAN,4,Santa Monica,Ultra-High
-118.51,34.04,38,4715,691.0,1660,637,10.1882,500001,<1H OCEAN,4,Santa Monica,Ultra-High
-118.47,34.06,45,1271,190.0,419,171,7.6447,500001,<1H OCEAN,4,Santa Monica,Ultra-High
-118.47,34.06,45,3030,433.0,916,399,9.4664,500001,<1H OCEAN,4,Santa Monica,Ultra-High
-118.48,34.05,48,3623,528.0,1282,516,9.5221,500001,<1H OCEAN,4,Santa Monica,Ultra-High
-118.49,34.05,42,1918,216.0,632,224,15.0001,500001,<1H OCEAN,4,Santa Monica,Ultra-High
-118.47,34.06,26,6577,1789.0,2937,1652,4.801,500001,<1H OCEAN,4,Santa Monica,Ultra-High
-118.46,34.06,20,5448,1532.0,2202,1442,4.2554,500001,<1H OCEAN,4,Santa Monica,Ultra-High
-118.47,34.05,25,2689,719.0,1229,663,3.5909,500001,<1H OCEAN,4,Santa Monica,Ultra-High
-118.46,34.05,25,4077,1151.0,1719,1017,3.7721,337500,<1H OCEAN,4,Santa Monica,Ultra-High
-118.46,34.05,21,3639,1002.0,1489,983,4.6197,387500,<1H OCEAN,4,Santa Monica,Ultra-High
-118.47,34.05,22,5215,1193.0,2048,1121,4.7009,500001,<1H OCEAN,4,Santa Monica,Ultra-High
-118.47,34.05,27,4401,1033.0,1725,962,4.175,500001,<1H OCEAN,4,Santa Monica,Ultra-High
-118.48,34.05,36,2143,434.0,751,396,6.7496,500001,<1H OCEAN,4,Santa Monica,Ultra-High
-118.49,34.05,45,1346,214.0,415,209,7.0285,500001,<1H OCEAN,4,Santa Monica,Ultra-High
-118.44,34.06,28,3910,959.0,1763,867,5.5,500001,<1H OCEAN,4,Santa Monica,Ultra-High
-118.44,34.06,14,520,292.0,282,213,2.2857,500001,<1H OCEAN,4,Santa Monica,Ultra-High
-118.45,34.06,20,3367,1264.0,2667,1131,2.2444,500000,<1H OCEAN,4,Santa Monica,Ultra-High
-118.46,34.06,46,1302,215.0,482,226,7.0674,500001,<1H OCEAN,4,Santa Monica,Ultra-High
-118.44,34.06,9,5102,1695.0,2609,1450,3.2545,500001,<1H OCEAN,4,Santa Monica,Ultra-High
-118.44,34.05,18,4780,1192.0,1886,1036,4.4674,500001,<1H OCEAN,4,Santa Monica,Ultra-High
-118.44,34.05,32,1880,435.0,798,417,4.7109,500000,<1H OCEAN,4,Santa Monica,Ultra-High
-118.44,34.05,15,5368,1312.0,2269,1232,5.7097,316700,<1H OCEAN,4,Santa Monica,Ultra-High
-118.43,34.06,11,3184,641.0,911,463,7.2675,500001,<1H OCEAN,4,Santa Monica,Ultra-High
-118.43,34.06,41,1463,267.0,601,267,5.3777,500001,<1H OCEAN,4,Santa Monica,Ultra-High
-118.43,34.05,22,4251,1073.0,1581,881,5.2555,500001,<1H OCEAN,4,Santa Monica,Ultra-High
-118.44,34.06,13,4833,1119.0,1649,807,6.2389,500001,<1H OCEAN,4,Santa Monica,Ultra-High
-118.42,34.06,40,2933,565.0,1077,536,6.1527,500001,<1H OCEAN,4,Santa Monica,Ultra-High
-118.43,34.06,31,1317,284.0,523,274,7.4219,500001,<1H OCEAN,4,Santa Monica,Ultra-High
-118.43,34.06,38,2982,664.0,1122,572,4.190800000000001,500001,<1H OCEAN,4,Santa Monica,Ultra-High
-118.43,34.06,20,4600,1018.0,1675,932,5.1999,500001,<1H OCEAN,4,Santa Monica,Ultra-High
-118.42,34.06,44,533,90.0,291,97,10.8045,500001,<1H OCEAN,4,Santa Monica,Ultra-High
-118.42,34.06,52,1881,334.0,640,321,6.871,500001,<1H OCEAN,4,Santa Monica,Ultra-High
-118.42,34.05,38,4888,1126.0,1698,937,4.8304,500001,<1H OCEAN,4,Santa Monica,Ultra-High
-118.43,34.05,52,1693,290.0,727,305,6.7115,500001,<1H OCEAN,4,Santa Monica,Ultra-High
-118.43,34.05,24,3832,949.0,1613,893,3.9673,477300,<1H OCEAN,4,Santa Monica,Ultra-High
-118.44,34.05,20,5943,1538.0,2492,1429,4.1141,305000,<1H OCEAN,4,Santa Monica,Ultra-High
-118.44,34.05,22,3970,871.0,1588,791,4.8618,500001,<1H OCEAN,4,Santa Monica,Ultra-High
-118.43,34.04,52,2425,435.0,962,412,5.8587,494700,<1H OCEAN,4,Santa Monica,Ultra-High
-118.45,34.05,28,801,399.0,936,406,2.1875,181300,<1H OCEAN,4,Santa Monica,Ultra-High
-118.45,34.04,22,3319,1045.0,1848,940,3.6673,283300,<1H OCEAN,4,Santa Monica,Ultra-High
-118.45,34.04,23,3771,1321.0,2031,1241,2.7679,277500,<1H OCEAN,4,Santa Monica,Ultra-High
-118.46,34.05,25,6902,2138.0,3136,1844,2.6509,410000,<1H OCEAN,4,Santa Monica,Ultra-High
-118.45,34.05,23,4099,1287.0,2103,1217,3.7549,275000,<1H OCEAN,4,Santa Monica,Ultra-High
-118.46,34.04,19,3522,1036.0,1820,977,3.2663,337500,<1H OCEAN,4,Santa Monica,Ultra-High
-118.47,34.04,21,5041,1491.0,2719,1420,3.5335,268800,<1H OCEAN,4,Santa Monica,Ultra-High
-118.45,34.04,19,3330,1010.0,1837,915,3.0173,393800,<1H OCEAN,4,Santa Monica,Ultra-High
-118.46,34.04,25,2142,718.0,1390,699,3.0069,325000,<1H OCEAN,4,Santa Monica,Ultra-High
-118.46,34.04,25,2768,850.0,1558,784,3.6976,360000,<1H OCEAN,4,Santa Monica,Ultra-High
-118.46,34.04,17,2729,897.0,1404,758,3.1235,420800,<1H OCEAN,4,Santa Monica,Ultra-High
-118.46,34.04,31,2621,707.0,1632,673,3.287,348100,<1H OCEAN,4,Santa Monica,Ultra-High
-118.45,34.04,21,2819,648.0,1435,593,3.9489,360200,<1H OCEAN,4,Santa Monica,Ultra-High
-118.45,34.03,45,727,168.0,520,175,2.6528,300000,<1H OCEAN,4,Santa Monica,Ultra-High
-118.45,34.03,39,1657,402.0,931,363,3.7813,336300,<1H OCEAN,4,Santa Monica,Ultra-High
-118.44,34.04,49,32,7.0,14,7,2.1875,225000,<1H OCEAN,4,Santa Monica,Ultra-High
-118.44,34.04,16,18,6.0,3,4,0.536,350000,<1H OCEAN,4,Santa Monica,Ultra-High
-118.44,34.04,31,2670,662.0,1535,631,3.0714,347800,<1H OCEAN,4,Santa Monica,Ultra-High
-118.43,34.04,52,1782,308.0,735,307,5.2954,485100,<1H OCEAN,4,Santa Monica,Ultra-High
-118.42,34.04,46,1508,276.0,639,273,4.925,409800,<1H OCEAN,4,Santa Monica,Ultra-High
-118.43,34.04,42,2725,569.0,1115,516,4.5833,427500,<1H OCEAN,4,Santa Monica,Ultra-High
-118.41,34.05,16,9728,2211.0,3026,1899,5.8758,500001,<1H OCEAN,4,Santa Monica,Ultra-High
-118.42,34.05,33,2921,652.0,1124,608,5.0151,500001,<1H OCEAN,4,Santa Monica,Ultra-High
-118.42,34.05,52,2533,402.0,981,386,7.8164,500001,<1H OCEAN,4,Santa Monica,Ultra-High
-118.4,34.05,26,4473,923.0,1518,805,5.0762,500001,<1H OCEAN,4,Santa Monica,Ultra-High
-118.4,34.04,40,2079,268.0,720,282,9.272,500001,<1H OCEAN,4,Santa Monica,Ultra-High
-118.4,34.04,42,1298,174.0,420,190,12.8483,500001,<1H OCEAN,4,Santa Monica,Ultra-High
-118.4,34.03,36,1831,296.0,871,269,8.148400000000002,500001,<1H OCEAN,4,Santa Monica,Ultra-High
-118.41,34.03,33,1730,386.0,994,363,3.7277,500001,<1H OCEAN,4,Santa Monica,Ultra-High
-118.41,34.04,49,601,95.0,228,106,8.0239,500001,<1H OCEAN,4,Santa Monica,Ultra-High
-118.4,34.05,34,2113,459.0,859,432,3.6953,500001,<1H OCEAN,4,Santa Monica,Ultra-High
-118.41,34.04,52,1907,261.0,681,249,10.9805,500001,<1H OCEAN,4,Santa Monica,Ultra-High
-118.41,34.04,52,2113,332.0,800,327,11.1768,500001,<1H OCEAN,4,Santa Monica,Ultra-High
-118.41,34.03,36,3053,635.0,1234,577,5.1637,500001,<1H OCEAN,4,Santa Monica,Ultra-High
-118.42,34.04,51,1975,348.0,771,357,6.626,500001,<1H OCEAN,4,Santa Monica,Ultra-High
-118.42,34.04,52,1358,272.0,574,267,5.6454,500001,<1H OCEAN,4,Santa Monica,Ultra-High
-118.4,34.04,43,3863,537.0,1398,511,8.5938,500001,<1H OCEAN,4,Santa Monica,Ultra-High
-118.4,34.05,43,1028,145.0,394,149,10.4519,500001,<1H OCEAN,4,Santa Monica,Ultra-High
-118.4,34.03,24,1101,318.0,491,287,3.2222,319400,<1H OCEAN,4,Santa Monica,Ultra-High
-118.4,34.03,43,1006,201.0,520,199,6.5669,372800,<1H OCEAN,4,Santa Monica,Ultra-High
-118.41,34.03,26,4376,1394.0,2435,1250,2.8418,327300,<1H OCEAN,4,Santa Monica,Ultra-High
-118.4,34.02,19,7297,2331.0,3870,2144,3.116,300000,<1H OCEAN,4,Santa Monica,Ultra-High
-118.4,34.02,27,515,201.0,397,228,2.4135,184400,<1H OCEAN,4,Santa Monica,Ultra-High
-118.41,34.03,24,3711,1192.0,1764,1147,3.1642,366700,<1H OCEAN,4,Santa Monica,Ultra-High
-118.41,34.02,24,2610,756.0,1322,692,3.5022,281300,<1H OCEAN,4,Santa Monica,Ultra-High
-118.41,34.02,16,5825,1866.0,3390,1752,3.0965,320000,<1H OCEAN,4,Santa Monica,Ultra-High
-118.4,34.03,13,6152,1978.0,3397,1845,3.4058,275000,<1H OCEAN,4,Santa Monica,Ultra-High
-118.42,34.03,45,1262,223.0,637,221,5.0866,427300,<1H OCEAN,4,Santa Monica,Ultra-High
-118.43,34.03,45,1740,311.0,788,306,5.2099,373600,<1H OCEAN,4,Santa Monica,Ultra-High
-118.43,34.03,39,1733,429.0,855,387,3.2308,340800,<1H OCEAN,4,Santa Monica,Ultra-High
-118.43,34.03,26,1706,516.0,894,435,3.1875,372700,<1H OCEAN,4,Santa Monica,Ultra-High
-118.42,34.03,44,904,176.0,358,158,3.3542,344200,<1H OCEAN,4,Santa Monica,Ultra-High
-118.44,34.03,25,2059,659.0,1349,588,3.2396,352400,<1H OCEAN,4,Santa Monica,Ultra-High
-118.43,34.03,36,1552,388.0,867,352,3.6467,346700,<1H OCEAN,4,Santa Monica,Ultra-High
-118.44,34.03,37,1193,205.0,488,224,3.625,357600,<1H OCEAN,4,Santa Monica,Ultra-High
-118.44,34.03,37,975,189.0,489,202,4.243400000000001,331000,<1H OCEAN,4,Santa Monica,Ultra-High
-118.44,34.03,30,1039,303.0,606,274,3.125,343800,<1H OCEAN,4,Santa Monica,Ultra-High
-118.45,34.03,41,1240,320.0,711,304,3.3482,318100,<1H OCEAN,4,Santa Monica,Ultra-High
-118.45,34.03,41,2083,528.0,993,481,4.023100000000001,353900,<1H OCEAN,4,Santa Monica,Ultra-High
-118.44,34.03,41,1164,265.0,561,251,4.241100000000001,350900,<1H OCEAN,4,Santa Monica,Ultra-High
-118.44,34.02,37,1592,308.0,783,321,6.2583,386000,<1H OCEAN,4,Santa Monica,Ultra-High
-118.44,34.01,43,1408,246.0,651,240,4.5795,400000,<1H OCEAN,4,Santa Monica,Ultra-High
-118.44,34.01,41,1309,221.0,534,228,5.1708,418800,<1H OCEAN,4,Santa Monica,Ultra-High
-118.45,34.01,37,1328,250.0,626,228,5.8666,440100,<1H OCEAN,4,Santa Monica,Ultra-High
-118.45,34.01,40,1361,240.0,559,229,6.3516,354300,<1H OCEAN,4,Santa Monica,Ultra-High
-118.45,34.01,36,2424,418.0,1123,417,6.4755,405800,<1H OCEAN,4,Santa Monica,Ultra-High
-118.44,34.02,32,2242,490.0,921,461,4.042900000000001,500001,<1H OCEAN,4,Santa Monica,Ultra-High
-118.43,34.01,43,1487,242.0,675,247,5.3403,489800,<1H OCEAN,4,Santa Monica,Ultra-High
-118.44,34.02,39,3278,632.0,1321,617,6.2917,465700,<1H OCEAN,4,Santa Monica,Ultra-High
-118.43,34.02,38,2172,437.0,830,368,3.9091,500001,<1H OCEAN,4,Santa Monica,Ultra-High
-118.43,34.02,42,1528,244.0,634,242,8.1631,500001,<1H OCEAN,4,Santa Monica,Ultra-High
-118.43,34.02,41,2403,516.0,1001,514,4.3906,500001,<1H OCEAN,4,Santa Monica,Ultra-High
-118.42,34.03,44,629,131.0,326,156,4.5278,374300,<1H OCEAN,4,Santa Monica,Ultra-High
-118.41,34.03,20,4374,1311.0,2165,1185,3.6019,463600,<1H OCEAN,4,Santa Monica,Ultra-High
-118.42,34.02,21,3244,815.0,1423,781,3.6488,340800,<1H OCEAN,4,Santa Monica,Ultra-High
-118.42,34.02,34,2243,444.0,973,413,4.9676,414100,<1H OCEAN,4,Santa Monica,Ultra-High
-118.42,34.02,28,3167,737.0,1248,665,3.1941,394700,<1H OCEAN,4,Santa Monica,Ultra-High
-118.42,34.02,34,2995,942.0,2626,947,2.2402,450000,<1H OCEAN,4,Santa Monica,Ultra-High
-118.41,34.02,34,1430,357.0,805,362,3.3462,307000,<1H OCEAN,4,Santa Monica,Ultra-High
-118.42,34.02,22,3292,1134.0,1655,898,3.1746,348800,<1H OCEAN,4,Santa Monica,Ultra-High
-118.42,34.02,26,2664,842.0,1745,789,3.4269,301900,<1H OCEAN,4,Santa Monica,Ultra-High
-118.41,34.02,35,1728,442.0,1161,420,3.725,310000,<1H OCEAN,4,Santa Monica,Ultra-High
-118.41,34.02,19,4702,1472.0,2636,1334,3.3955,225000,<1H OCEAN,4,Santa Monica,Ultra-High
-118.41,34.02,27,2224,618.0,1594,625,3.0833,315500,<1H OCEAN,4,Santa Monica,Ultra-High
-118.42,34.01,33,2731,535.0,1280,510,4.7083,420100,<1H OCEAN,4,Santa Monica,Ultra-High
-118.42,34.01,32,1300,356.0,703,311,3.5667,394000,<1H OCEAN,4,Santa Monica,Ultra-High
-118.43,34.01,27,3133,1021.0,2242,1002,2.697,412500,<1H OCEAN,4,Santa Monica,Ultra-High
-118.43,34.01,41,1527,279.0,746,285,6.4232,446600,<1H OCEAN,4,Santa Monica,Ultra-High
-118.43,34.01,31,2526,528.0,1046,504,4.7009,500001,<1H OCEAN,4,Santa Monica,Ultra-High
-118.44,34.01,42,2061,396.0,907,393,6.0804,420000,<1H OCEAN,4,Santa Monica,Ultra-High
-118.44,34.0,44,1462,338.0,821,341,2.599,362200,<1H OCEAN,4,Santa Monica,Ultra-High
-118.44,34.0,44,1798,353.0,835,314,4.75,355800,<1H OCEAN,4,Santa Monica,Ultra-High
-118.45,34.0,39,1909,359.0,867,345,4.7,334700,<1H OCEAN,4,Santa Monica,Ultra-High
-118.44,34.0,40,1287,346.0,806,311,3.875,321300,<1H OCEAN,4,Santa Monica,Ultra-High
-118.43,34.0,30,2148,597.0,1341,559,3.3995,324000,<1H OCEAN,4,Santa Monica,Ultra-High
-118.44,34.0,22,5822,1707.0,3335,1585,3.1579,243100,<1H OCEAN,4,Santa Monica,Ultra-High
-118.44,34.0,41,1562,377.0,874,368,4.1083,324300,<1H OCEAN,4,Santa Monica,Ultra-High
-118.42,34.01,42,1594,369.0,952,362,3.099,335400,<1H OCEAN,4,Santa Monica,Ultra-High
-118.42,34.01,29,1996,489.0,960,449,3.6611,344200,<1H OCEAN,4,Santa Monica,Ultra-High
-118.42,34.0,31,1930,456.0,1002,410,3.9798,458600,<1H OCEAN,4,Santa Monica,Ultra-High
-118.43,34.0,28,6128,1963.0,3586,1815,2.7058,310900,<1H OCEAN,4,Santa Monica,Ultra-High
-118.46,34.01,43,513,98.0,266,103,5.6428,343100,<1H OCEAN,4,Santa Monica,Ultra-High
-118.46,34.0,39,4098,1100.0,2054,1053,2.918,345600,<1H OCEAN,4,Santa Monica,Ultra-High
-118.46,34.0,37,388,83.0,248,84,5.1664,326700,<1H OCEAN,4,Santa Monica,Ultra-High
-118.46,34.0,36,1392,260.0,679,247,4.7344,346900,<1H OCEAN,4,Santa Monica,Ultra-High
-118.46,34.01,39,711,148.0,347,153,4.2813,297200,<1H OCEAN,4,Santa Monica,Ultra-High
-118.47,34.0,38,1235,390.0,891,376,2.7143,287500,<1H OCEAN,4,Santa Monica,Ultra-High
-118.47,34.0,41,2331,636.0,1839,537,2.288,263500,<1H OCEAN,4,Santa Monica,Ultra-High
-118.46,34.0,39,614,174.0,538,159,2.3542,235700,<1H OCEAN,4,Santa Monica,Ultra-High
-118.47,33.99,34,1875,501.0,1491,526,2.8417,321400,<1H OCEAN,4,Santa Monica,Ultra-High
-118.47,34.0,37,2586,765.0,1801,737,2.6042,305800,<1H OCEAN,4,Santa Monica,Ultra-High
-118.47,33.99,31,1312,376.0,1178,330,2.0714,300000,<1H OCEAN,4,Santa Monica,Ultra-High
-118.47,33.99,41,1146,310.0,833,270,2.5938,285000,<1H OCEAN,4,Santa Monica,Ultra-High
-118.47,33.99,33,854,235.0,645,198,2.1471,239300,<1H OCEAN,4,Santa Monica,Ultra-High
-118.51,33.98,40,1901,679.0,865,587,2.3417,425000,<1H OCEAN,4,Santa Monica,Ultra-High
-118.48,33.99,46,2219,686.0,1107,590,2.5523,387500,<1H OCEAN,4,Santa Monica,Ultra-High
-118.47,33.99,50,1568,501.0,764,478,3.015,414300,<1H OCEAN,4,Santa Monica,Ultra-High
-118.47,33.99,52,1523,447.0,636,408,3.0682,412500,<1H OCEAN,4,Santa Monica,Ultra-High
-118.47,33.99,52,2167,622.0,1095,570,2.8514,358700,<1H OCEAN,4,Santa Monica,Ultra-High
-118.47,33.99,37,2155,721.0,1082,637,3.4071,267500,<1H OCEAN,4,Santa Monica,Ultra-High
-118.47,33.99,24,1438,454.0,665,416,2.975,500001,<1H OCEAN,4,Santa Monica,Ultra-High
-118.45,33.99,52,1010,244.0,573,242,4.1861,363200,<1H OCEAN,4,Santa Monica,Ultra-High
-118.46,33.99,52,1158,253.0,528,253,3.5234,334700,<1H OCEAN,4,Santa Monica,Ultra-High
-118.46,33.99,44,1122,287.0,531,256,4.0598,335900,<1H OCEAN,4,Santa Monica,Ultra-High
-118.46,34.0,44,941,230.0,493,206,3.6458,325800,<1H OCEAN,4,Santa Monica,Ultra-High
-118.46,34.0,52,888,206.0,376,194,3.875,372000,<1H OCEAN,4,Santa Monica,Ultra-High
-118.45,34.0,46,1777,362.0,896,334,4.45,348300,<1H OCEAN,4,Santa Monica,Ultra-High
-118.45,34.0,43,1606,408.0,862,354,3.962,345800,<1H OCEAN,4,Santa Monica,Ultra-High
-118.45,34.0,48,1923,408.0,1142,433,4.575,326700,<1H OCEAN,4,Santa Monica,Ultra-High
-118.45,33.99,33,3125,785.0,1720,713,2.9722,325000,<1H OCEAN,4,Santa Monica,Ultra-High
-118.45,33.99,52,1829,472.0,779,424,3.1607,339000,<1H OCEAN,4,Santa Monica,Ultra-High
-118.46,33.99,41,885,285.0,562,268,3.1992,303800,<1H OCEAN,4,Santa Monica,Ultra-High
-118.46,33.99,37,1828,460.0,1075,453,4.337,360600,<1H OCEAN,4,Santa Monica,Ultra-High
-118.46,33.98,32,2388,591.0,1009,556,5.2121,466700,<1H OCEAN,4,Santa Monica,Ultra-High
-118.46,33.99,35,1214,300.0,478,265,4.0156,500001,<1H OCEAN,4,Santa Monica,Ultra-High
-118.46,33.98,27,2217,520.0,806,458,3.8935,500001,<1H OCEAN,4,Santa Monica,Ultra-High
-118.45,33.99,45,1132,269.0,654,264,4.5673,343100,<1H OCEAN,4,Santa Monica,Ultra-High
-118.45,33.99,26,1919,405.0,953,371,6.0672,420800,<1H OCEAN,4,Santa Monica,Ultra-High
-118.46,33.98,19,2520,726.0,964,663,3.8068,500001,<1H OCEAN,4,Santa Monica,Ultra-High
-118.4,34.0,10,1526,339.0,705,268,5.8083,321800,<1H OCEAN,4,Santa Monica,Ultra-High
-118.41,34.0,35,684,161.0,381,159,2.8393,272000,<1H OCEAN,4,Santa Monica,Ultra-High
-118.41,34.0,30,3550,934.0,3738,880,3.191,271200,<1H OCEAN,4,Santa Monica,Ultra-High
-118.41,34.0,18,1307,441.0,884,456,2.9338,276300,<1H OCEAN,4,Santa Monica,Ultra-High
-118.42,34.0,14,3771,1180.0,2355,978,3.1603,287500,<1H OCEAN,4,Santa Monica,Ultra-High
-118.42,33.99,35,1701,482.0,1428,494,3.725,284600,<1H OCEAN,4,Santa Monica,Ultra-High
-118.43,33.99,35,2243,495.0,1135,465,4.3281,324000,<1H OCEAN,4,Santa Monica,Ultra-High
-118.43,33.98,19,8324,1590.0,2927,1538,7.5426,351700,<1H OCEAN,4,Santa Monica,Ultra-High
-118.43,33.99,45,1899,461.0,1260,415,2.6667,320000,<1H OCEAN,4,Santa Monica,Ultra-High
-118.43,33.99,43,2483,548.0,1212,493,4.018900000000001,302900,<1H OCEAN,4,Santa Monica,Ultra-High
-118.42,33.99,23,5548,1245.0,2847,1229,4.4228,366900,<1H OCEAN,4,Santa Monica,Ultra-High
-118.42,33.98,3,475,155.0,236,153,3.6667,450000,<1H OCEAN,4,Santa Monica,Ultra-High
-118.43,33.99,42,2558,558.0,1328,541,4.875,301300,<1H OCEAN,4,Santa Monica,Ultra-High
-118.44,33.99,43,1432,308.0,782,303,4.333300000000001,303900,<1H OCEAN,4,Santa Monica,Ultra-High
-118.41,33.99,39,3014,822.0,3212,777,1.1985,215000,<1H OCEAN,4,Santa Monica,Ultra-High
-118.42,33.99,38,740,171.0,599,194,4.0893,248900,<1H OCEAN,4,Santa Monica,Ultra-High
-118.42,33.99,35,1724,419.0,1079,394,4.5521,263800,<1H OCEAN,4,Santa Monica,Ultra-High
-118.41,34.0,35,1062,305.0,1026,307,2.7153,265500,<1H OCEAN,4,Santa Monica,Ultra-High
-118.41,33.99,36,1089,234.0,632,215,3.6538,276100,<1H OCEAN,4,Santa Monica,Ultra-High
-118.4,33.99,39,1613,380.0,1113,356,2.825,276700,<1H OCEAN,4,Santa Monica,Ultra-High
-118.41,33.98,33,3331,777.0,1695,735,3.9727,307200,<1H OCEAN,4,Santa Monica,Ultra-High
-118.4,33.98,39,714,118.0,314,117,5.9856,432100,<1H OCEAN,4,Santa Monica,Ultra-High
-118.4,33.98,36,2526,452.0,996,441,5.611,456600,<1H OCEAN,4,Santa Monica,Ultra-High
-118.25,33.8,36,1697,394.0,1274,396,3.35,163100,<1H OCEAN,4,Long Beach,Affordable
-118.25,33.79,32,1205,340.0,1799,370,2.375,128000,NEAR OCEAN,4,Long Beach,Affordable
-118.24,33.8,28,636,169.0,788,143,3.6161,131300,NEAR OCEAN,4,Long Beach,Affordable
-118.23,33.8,26,239,135.0,165,112,1.3333,187500,NEAR OCEAN,4,Long Beach,Affordable
-118.25,33.79,34,1349,371.0,1716,380,2.7143,138100,NEAR OCEAN,4,Long Beach,Affordable
-118.25,33.79,38,1730,460.0,1724,424,2.7308,150400,NEAR OCEAN,4,Long Beach,Affordable
-118.25,33.79,39,981,286.0,1183,298,1.9208,139800,NEAR OCEAN,4,Long Beach,Affordable
-118.23,33.78,20,59,24.0,69,23,2.5588,350000,NEAR OCEAN,4,Long Beach,Affordable
-118.25,33.78,32,296,139.0,511,133,1.4444,182100,NEAR OCEAN,4,Long Beach,Affordable
-118.24,33.78,24,574,173.0,784,162,2.25,152300,NEAR OCEAN,4,Long Beach,Affordable
-118.26,33.77,36,886,253.0,809,219,2.4545,164200,NEAR OCEAN,4,San Pedro,Affordable
-118.27,33.77,26,2272,694.0,2567,595,1.9964,150600,NEAR OCEAN,4,San Pedro,Affordable
-118.27,33.77,39,1731,485.0,2115,478,1.5369,141300,NEAR OCEAN,4,San Pedro,Affordable
-118.27,33.76,46,22,11.0,32,7,3.125,112500,NEAR OCEAN,4,San Pedro,Affordable
-118.3,33.77,18,3821,795.0,2831,769,2.9571,346200,<1H OCEAN,4,San Pedro,Affordable
-118.3,33.76,18,9659,1716.0,4336,1674,5.7764,290500,<1H OCEAN,4,San Pedro,Affordable
-118.28,33.77,47,307,69.0,374,65,2.9063,146900,<1H OCEAN,4,San Pedro,Affordable
-118.28,33.75,41,1305,381.0,1384,369,2.45,186800,NEAR OCEAN,4,San Pedro,Affordable
-118.28,33.75,18,393,189.0,429,188,1.8393,187500,NEAR OCEAN,4,San Pedro,Affordable
-118.28,33.74,40,1751,512.0,1939,503,1.5394,200000,NEAR OCEAN,4,San Pedro,Affordable
-118.28,33.75,21,2442,719.0,1916,646,1.2276,208300,NEAR OCEAN,4,San Pedro,Affordable
-118.28,33.74,16,855,271.0,486,250,0.7591,350000,NEAR OCEAN,4,San Pedro,Affordable
-118.3,33.75,19,2356,440.0,1291,418,4.230800000000001,416100,<1H OCEAN,4,San Pedro,Affordable
-118.3,33.76,6,6097,1270.0,2678,1226,5.1269,285200,<1H OCEAN,4,San Pedro,Affordable
-118.3,33.75,42,967,175.0,481,163,5.6611,265600,<1H OCEAN,4,San Pedro,Affordable
-118.3,33.75,48,1958,386.0,1098,380,4.625,273400,<1H OCEAN,4,San Pedro,Affordable
-118.3,33.74,47,2223,410.0,1163,413,4.467100000000001,270800,NEAR OCEAN,4,San Pedro,Affordable
-118.31,33.74,36,2464,472.0,1111,457,4.5074,350000,NEAR OCEAN,4,San Pedro,Affordable
-118.31,33.74,22,5042,974.0,2260,935,4.3472,351200,NEAR OCEAN,4,San Pedro,Affordable
-118.29,33.75,27,1650,443.0,1359,386,2.5795,192400,NEAR OCEAN,4,San Pedro,Affordable
-118.3,33.75,23,1957,517.0,1454,526,3.5056,203100,<1H OCEAN,4,San Pedro,Affordable
-118.29,33.75,37,1319,292.0,766,285,2.7031,218900,NEAR OCEAN,4,San Pedro,Affordable
-118.29,33.74,29,1503,411.0,1368,390,2.1473,195300,NEAR OCEAN,4,San Pedro,Affordable
-118.29,33.74,52,1438,472.0,1018,399,2.2188,306700,NEAR OCEAN,4,San Pedro,Affordable
-118.29,33.74,41,1382,361.0,905,344,2.75,238300,NEAR OCEAN,4,San Pedro,Affordable
-118.29,33.74,30,2074,533.0,1311,531,2.0329,225800,NEAR OCEAN,4,San Pedro,Affordable
-118.29,33.73,43,1854,519.0,1151,486,2.5759,225000,NEAR OCEAN,4,San Pedro,Affordable
-118.29,33.73,21,2492,711.0,1699,672,2.1382,242300,NEAR OCEAN,4,San Pedro,Affordable
-118.29,33.73,30,2835,711.0,1669,652,3.3616,268500,NEAR OCEAN,4,San Pedro,Affordable
-118.3,33.73,42,1731,,866,403,2.7451,255400,NEAR OCEAN,4,San Pedro,Affordable
-118.3,33.74,23,3075,860.0,1584,806,2.9386,260500,NEAR OCEAN,4,San Pedro,Affordable
-118.31,33.73,36,1725,295.0,799,306,5.0874,368500,NEAR OCEAN,4,San Pedro,Affordable
-118.31,33.73,52,1665,280.0,656,282,5.249,351900,NEAR OCEAN,4,San Pedro,Affordable
-118.3,33.74,20,2625,673.0,1184,606,3.9167,285200,NEAR OCEAN,4,San Pedro,Affordable
-118.3,33.73,47,2852,603.0,1130,560,4.194,293900,NEAR OCEAN,4,San Pedro,Affordable
-118.31,33.73,52,2025,361.0,957,363,4.2059,350000,NEAR OCEAN,4,San Pedro,Affordable
-118.28,33.74,44,1853,556.0,2090,539,1.8584,248100,NEAR OCEAN,4,San Pedro,Affordable
-118.28,33.73,39,2602,802.0,2178,737,2.0469,234500,NEAR OCEAN,4,San Pedro,Affordable
-118.28,33.73,52,2085,588.0,1767,516,2.1935,243200,NEAR OCEAN,4,San Pedro,Affordable
-118.28,33.73,45,2137,559.0,1550,529,1.9167,227200,NEAR OCEAN,4,San Pedro,Affordable
-118.29,33.73,30,3161,,1865,771,2.7139,231700,NEAR OCEAN,4,San Pedro,Affordable
-118.29,33.72,25,2469,584.0,1253,535,3.1932,257500,NEAR OCEAN,4,San Pedro,Affordable
-118.3,33.72,28,2647,658.0,1459,595,3.4474,253400,NEAR OCEAN,4,San Pedro,Affordable
-118.3,33.72,28,2510,583.0,1388,554,3.3397,267800,NEAR OCEAN,4,San Pedro,Affordable
-118.3,33.73,40,2582,606.0,1304,588,3.5694,276400,NEAR OCEAN,4,San Pedro,Affordable
-118.31,33.73,52,1642,287.0,692,288,4.1812,321500,NEAR OCEAN,4,San Pedro,Affordable
-118.31,33.72,26,2711,508.0,1372,459,4.1451,326700,NEAR OCEAN,4,San Pedro,Affordable
-118.31,33.73,33,2265,366.0,986,388,5.4533,409800,NEAR OCEAN,4,San Pedro,Affordable
-118.32,33.73,25,1099,168.0,407,159,7.6886,500001,NEAR OCEAN,4,San Pedro,Affordable
-118.33,33.72,25,6191,1081.0,2297,1023,6.4246,446700,NEAR OCEAN,4,San Pedro,Affordable
-118.29,33.71,36,3135,746.0,1815,697,3.7596,300000,NEAR OCEAN,4,San Pedro,Affordable
-118.3,33.72,35,2790,,1167,441,6.2028,361500,NEAR OCEAN,4,San Pedro,Affordable
-118.29,33.71,40,1644,471.0,780,416,3.1071,464300,NEAR OCEAN,4,San Pedro,Affordable
-118.29,33.71,40,1933,475.0,902,412,4.25,332800,NEAR OCEAN,4,San Pedro,Affordable
-118.29,33.71,31,2809,666.0,1316,633,4.5606,303800,NEAR OCEAN,4,San Pedro,Affordable
-118.29,33.72,39,2651,590.0,1103,508,3.274,254300,NEAR OCEAN,4,San Pedro,Affordable
-118.29,33.72,21,1568,452.0,801,422,3.5109,225000,NEAR OCEAN,4,San Pedro,Affordable
-118.25,33.9,42,1386,320.0,1163,319,2.4271,89500,<1H OCEAN,4,Long Beach,Affordable
-118.25,33.9,36,1135,231.0,614,227,2.5521,113100,<1H OCEAN,4,Long Beach,Affordable
-118.22,33.9,38,796,159.0,679,167,3.6607,110400,<1H OCEAN,4,Long Beach,Affordable
-118.2,33.9,26,1000,275.0,1178,263,2.12,105000,<1H OCEAN,4,Long Beach,Affordable
-118.21,33.9,35,2420,579.0,2010,540,2.0817,104600,<1H OCEAN,4,Long Beach,Affordable
-118.21,33.9,41,941,233.0,973,253,1.9583,102300,<1H OCEAN,4,Long Beach,Affordable
-118.22,33.9,35,1649,424.0,1786,388,1.4091,105600,<1H OCEAN,4,Long Beach,Affordable
-118.22,33.9,30,1007,260.0,1112,238,1.7262,115600,<1H OCEAN,4,Long Beach,Affordable
-118.2,33.9,33,1435,322.0,1298,299,2.7813,105100,<1H OCEAN,4,Long Beach,Affordable
-118.19,33.9,36,1073,271.0,1385,288,2.3214,104800,<1H OCEAN,4,Long Beach,Affordable
-118.19,33.9,32,2762,652.0,2677,632,2.5719,105600,<1H OCEAN,4,Long Beach,Affordable
-118.19,33.9,36,2326,543.0,2073,494,1.9952,112900,<1H OCEAN,4,Long Beach,Affordable
-118.19,33.89,31,886,224.0,1154,247,2.1071,99500,<1H OCEAN,4,Long Beach,Affordable
-118.19,33.89,32,1696,438.0,1639,376,2.0357,107300,<1H OCEAN,4,Long Beach,Affordable
-118.2,33.89,37,2394,568.0,2499,551,2.5321,105100,<1H OCEAN,4,Long Beach,Affordable
-118.2,33.9,34,1552,444.0,2093,413,2.2125,103200,<1H OCEAN,4,Long Beach,Affordable
-118.19,33.89,38,4018,986.0,3702,927,2.9293,113600,<1H OCEAN,4,Long Beach,Affordable
-118.2,33.89,40,2538,564.0,2170,541,2.7212,107900,<1H OCEAN,4,Long Beach,Affordable
-118.21,33.89,42,1254,225.0,929,235,4.364600000000001,116200,<1H OCEAN,4,Long Beach,Affordable
-118.21,33.89,39,1565,364.0,1389,360,2.7443,113900,<1H OCEAN,4,Long Beach,Affordable
-118.21,33.89,42,1739,370.0,1104,297,2.2125,120700,<1H OCEAN,4,Long Beach,Affordable
-118.21,33.9,43,1810,357.0,1335,358,3.1189,118800,<1H OCEAN,4,Long Beach,Affordable
-118.21,33.89,45,1211,234.0,1128,261,3.4792,110700,<1H OCEAN,4,Long Beach,Affordable
-118.21,33.88,38,929,166.0,686,183,3.4485,119400,<1H OCEAN,4,Long Beach,Affordable
-118.21,33.88,29,1976,444.0,1254,371,2.1782,126800,<1H OCEAN,4,Long Beach,Affordable
-118.22,33.89,26,266,75.0,252,59,2.1211,138100,<1H OCEAN,4,Long Beach,Affordable
-118.22,33.89,41,990,228.0,776,207,2.125,120200,<1H OCEAN,4,Long Beach,Affordable
-118.22,33.89,37,797,190.0,485,166,2.7434,95200,<1H OCEAN,4,Long Beach,Affordable
-118.22,33.89,36,873,240.0,1086,217,2.25,126600,<1H OCEAN,4,Long Beach,Affordable
-118.23,33.89,16,5003,1180.0,4145,1159,2.1389,133400,<1H OCEAN,4,Long Beach,Affordable
-118.24,33.89,34,1479,332.0,1166,322,2.6165,100900,<1H OCEAN,4,Long Beach,Affordable
-118.22,33.9,22,312,107.0,583,119,1.9423,98400,<1H OCEAN,4,Long Beach,Affordable
-118.22,33.9,40,1802,496.0,2096,468,2.3542,97900,<1H OCEAN,4,Long Beach,Affordable
-118.23,33.9,31,2143,522.0,2276,519,1.8095,100800,<1H OCEAN,4,Long Beach,Affordable
-118.23,33.9,34,2462,553.0,2334,502,1.641,96800,<1H OCEAN,4,Long Beach,Affordable
-118.23,33.9,28,1108,284.0,1498,289,2.4706,88800,<1H OCEAN,4,Long Beach,Affordable
-118.23,33.9,45,1285,238.0,840,211,3.4107,112500,<1H OCEAN,4,Long Beach,Affordable
-118.24,33.9,38,2055,442.0,1518,425,2.3382,103000,<1H OCEAN,4,Long Beach,Affordable
-118.24,33.9,35,1079,247.0,1055,243,2.375,93600,<1H OCEAN,4,Long Beach,Affordable
-118.24,33.9,39,642,129.0,475,123,1.2083,92600,<1H OCEAN,4,Long Beach,Affordable
-118.25,33.9,37,2119,442.0,1372,406,1.9605,106200,<1H OCEAN,4,Long Beach,Affordable
-118.24,33.9,40,1308,272.0,901,257,2.8269,98000,<1H OCEAN,4,Long Beach,Affordable
-118.25,33.9,38,1201,223.0,733,206,3.3804,105800,<1H OCEAN,4,Long Beach,Affordable
-118.25,33.89,35,1582,391.0,1957,404,2.4537,91500,<1H OCEAN,4,Long Beach,Affordable
-118.24,33.89,32,1132,266.0,1211,279,2.1838,98300,<1H OCEAN,4,Long Beach,Affordable
-118.25,33.89,41,1476,286.0,1086,278,2.4632,111700,<1H OCEAN,4,Long Beach,Affordable
-118.25,33.89,36,406,71.0,268,77,3.9,115800,<1H OCEAN,4,Long Beach,Affordable
-118.25,33.89,34,1367,288.0,1183,286,2.6812,104100,<1H OCEAN,4,Long Beach,Affordable
-118.24,33.88,37,1843,366.0,1207,351,2.4821,111000,<1H OCEAN,4,Long Beach,Affordable
-118.25,33.88,37,1027,217.0,1042,254,2.2121,98600,<1H OCEAN,4,Long Beach,Affordable
-118.25,33.89,37,1042,213.0,699,196,2.9643,103200,<1H OCEAN,4,Long Beach,Affordable
-118.25,33.89,36,1527,309.0,1154,279,3.3095,105500,<1H OCEAN,4,Long Beach,Affordable
-118.22,33.88,37,1149,280.0,1016,250,2.125,101900,<1H OCEAN,4,Long Beach,Affordable
-118.22,33.88,35,998,313.0,1335,311,1.6574,102500,<1H OCEAN,4,Long Beach,Affordable
-118.23,33.89,35,1255,344.0,1782,343,2.1949,95100,<1H OCEAN,4,Long Beach,Affordable
-118.23,33.88,35,842,201.0,763,189,2.6719,109800,<1H OCEAN,4,Long Beach,Affordable
-118.23,33.88,41,1941,367.0,1204,323,3.0417,113700,<1H OCEAN,4,Long Beach,Affordable
-118.23,33.89,36,2598,514.0,1872,514,3.1667,117700,<1H OCEAN,4,Long Beach,Affordable
-118.22,33.86,16,8732,1489.0,3944,1493,5.1948,203500,<1H OCEAN,4,Long Beach,Affordable
-118.24,33.85,25,9594,1489.0,5237,1496,5.9684,193300,<1H OCEAN,4,Long Beach,Affordable
-118.23,33.84,25,1106,207.0,888,216,5.3307,207000,<1H OCEAN,4,Long Beach,Affordable
-118.24,33.83,22,7368,1367.0,4721,1342,4.8438,213100,<1H OCEAN,4,Long Beach,Affordable
-118.25,33.84,19,1731,420.0,1032,364,3.8125,208100,<1H OCEAN,4,Long Beach,Affordable
-118.25,33.87,18,6812,1263.0,3704,1216,4.25,169200,<1H OCEAN,4,Long Beach,Affordable
-118.25,33.86,26,3022,476.0,1852,452,6.0531,186400,<1H OCEAN,4,Long Beach,Affordable
-118.21,33.84,28,822,205.0,627,192,3.4583,166300,<1H OCEAN,4,Long Beach,Affordable
-118.22,33.84,35,1131,273.0,1007,269,4.0219,168300,<1H OCEAN,4,Long Beach,Affordable
-118.22,33.84,38,1928,429.0,1358,399,4.0687,160300,<1H OCEAN,4,Long Beach,Affordable
-118.22,33.83,42,1370,299.0,1018,328,4.4474,160200,<1H OCEAN,4,Long Beach,Affordable
-118.22,33.83,44,1792,404.0,1115,358,3.9091,174400,<1H OCEAN,4,Long Beach,Affordable
-118.22,33.83,43,1426,272.0,871,276,3.7083,175200,<1H OCEAN,4,Long Beach,Affordable
-118.21,33.83,38,793,193.0,601,187,2.8837,176100,NEAR OCEAN,4,Long Beach,Affordable
-118.1,33.9,35,1151,248.0,809,246,4.7813,160000,<1H OCEAN,4,Long Beach,Affordable
-118.09,33.9,36,1215,279.0,862,285,3.7604,158700,<1H OCEAN,4,Long Beach,Affordable
-118.09,33.9,37,1112,222.0,771,224,4.2132,164600,<1H OCEAN,4,Long Beach,Affordable
-118.05,33.9,41,550,129.0,642,125,1.875,119900,<1H OCEAN,4,Long Beach,Affordable
-118.05,33.9,36,1047,227.0,975,239,3.1897,155000,<1H OCEAN,4,Long Beach,Affordable
-118.06,33.9,37,1161,254.0,882,236,4.4167,158000,<1H OCEAN,4,Long Beach,Affordable
-118.06,33.89,26,2483,412.0,1538,449,5.1104,220500,<1H OCEAN,4,Long Beach,Affordable
-118.07,33.89,29,1138,217.0,964,222,4.537,185300,<1H OCEAN,4,Long Beach,Affordable
-118.07,33.89,17,2223,544.0,2008,512,3.0777,160800,<1H OCEAN,4,Long Beach,Affordable
-118.07,33.89,35,1145,274.0,1651,265,3.125,120300,<1H OCEAN,4,Long Beach,Affordable
-118.08,33.89,28,1035,275.0,1545,269,3.0357,123400,<1H OCEAN,4,Long Beach,Affordable
-118.08,33.89,35,1071,290.0,1412,274,3.1917,114900,<1H OCEAN,4,Long Beach,Affordable
-118.08,33.89,37,1152,259.0,981,225,3.2857,153600,<1H OCEAN,4,Long Beach,Affordable
-118.07,33.9,39,2502,546.0,1849,518,3.8846,164100,<1H OCEAN,4,Long Beach,Affordable
-118.07,33.9,42,1007,224.0,776,228,3.8672,162700,<1H OCEAN,4,Long Beach,Affordable
-118.07,33.9,45,1776,353.0,1180,337,4.6406,169200,<1H OCEAN,4,Long Beach,Affordable
-118.08,33.9,44,1167,237.0,733,237,4.208300000000001,168300,<1H OCEAN,4,Long Beach,Affordable
-118.08,33.9,42,1768,372.0,1155,368,3.558,161100,<1H OCEAN,4,Long Beach,Affordable
-118.09,33.9,37,1147,258.0,742,242,4.0461,153500,<1H OCEAN,4,Long Beach,Affordable
-118.09,33.9,33,3326,720.0,2533,689,3.1441,176300,<1H OCEAN,4,Long Beach,Affordable
-118.1,33.9,43,1237,243.0,776,246,4.325,166000,<1H OCEAN,4,Long Beach,Affordable
-118.1,33.9,40,1880,377.0,1229,378,4.4167,174600,<1H OCEAN,4,Long Beach,Affordable
-118.08,33.89,41,834,166.0,603,179,3.7321,167500,<1H OCEAN,4,Long Beach,Affordable
-118.09,33.89,42,1150,215.0,708,204,3.6875,171500,<1H OCEAN,4,Long Beach,Affordable
-118.09,33.89,42,991,,717,219,4.0926,164400,<1H OCEAN,4,Long Beach,Affordable
-118.09,33.89,27,3399,882.0,2465,811,3.099,166600,<1H OCEAN,4,Long Beach,Affordable
-118.1,33.89,34,2242,436.0,1483,443,4.493400000000001,185600,<1H OCEAN,4,Long Beach,Affordable
-118.1,33.9,37,1061,202.0,768,206,4.75,161900,<1H OCEAN,4,Long Beach,Affordable
-118.1,33.9,37,796,175.0,740,183,3.6,156400,<1H OCEAN,4,Long Beach,Affordable
-118.1,33.89,36,769,142.0,498,137,4.7159,182100,<1H OCEAN,4,Long Beach,Affordable
-118.1,33.89,35,994,203.0,602,185,3.5865,178000,<1H OCEAN,4,Long Beach,Affordable
-118.11,33.9,35,2604,495.0,1465,470,4.489600000000001,184600,<1H OCEAN,4,Long Beach,Affordable
-118.11,33.9,26,4173,893.0,2471,863,3.5052,196000,<1H OCEAN,4,Long Beach,Affordable
-118.11,33.89,35,1139,197.0,772,233,4.375,204700,<1H OCEAN,4,Long Beach,Affordable
-118.11,33.88,35,1623,304.0,868,272,3.5893,276000,<1H OCEAN,4,Long Beach,Affordable
-118.11,33.89,34,2508,594.0,1549,545,3.2069,236500,<1H OCEAN,4,Long Beach,Affordable
-118.11,33.9,35,1323,269.0,1084,240,5.0753,178000,<1H OCEAN,4,Long Beach,Affordable
-118.11,33.9,36,1347,278.0,748,278,5.1423,183100,<1H OCEAN,4,Long Beach,Affordable
-118.13,33.9,38,1475,269.0,827,265,4.7663,191600,<1H OCEAN,4,Long Beach,Affordable
-118.14,33.9,26,2145,471.0,1150,429,3.5972,225800,<1H OCEAN,4,Long Beach,Affordable
-118.15,33.9,20,2850,737.0,1855,662,2.809,144600,<1H OCEAN,4,Long Beach,Affordable
-118.16,33.9,28,2410,616.0,2399,594,2.7339,156700,<1H OCEAN,4,Long Beach,Affordable
-118.17,33.9,12,3653,993.0,3215,854,2.8681,114200,<1H OCEAN,4,Long Beach,Affordable
-118.18,33.9,25,1709,442.0,1177,410,2.4333,155000,<1H OCEAN,4,Long Beach,Affordable
-118.18,33.9,32,1452,365.0,1888,366,3.5461,146400,<1H OCEAN,4,Long Beach,Affordable
-118.18,33.9,32,778,227.0,933,209,2.7292,143800,<1H OCEAN,4,Long Beach,Affordable
-118.18,33.9,31,2536,603.0,2625,576,3.0909,150900,<1H OCEAN,4,Long Beach,Affordable
-118.18,33.9,34,1248,320.0,1960,338,3.1012,140400,<1H OCEAN,4,Long Beach,Affordable
-118.16,33.89,38,483,113.0,389,108,2.1859,143800,<1H OCEAN,4,Long Beach,Affordable
-118.16,33.89,6,1655,536.0,1201,487,1.7344,145800,<1H OCEAN,4,Long Beach,Affordable
-118.17,33.89,52,63,12.0,47,8,7.2423,350000,<1H OCEAN,4,Long Beach,Affordable
-118.17,33.89,11,3605,880.0,3637,873,2.6328,160700,<1H OCEAN,4,Long Beach,Affordable
-118.18,33.89,25,5896,1464.0,4149,1362,2.6742,131900,<1H OCEAN,4,Long Beach,Affordable
-118.15,33.89,30,4426,995.0,4196,921,3.274,148300,<1H OCEAN,4,Long Beach,Affordable
-118.15,33.88,24,4232,1092.0,2688,1035,2.52,146000,<1H OCEAN,4,Long Beach,Affordable
-118.15,33.89,33,2848,641.0,2319,647,3.407,190800,<1H OCEAN,4,Long Beach,Affordable
-118.16,33.89,46,940,219.0,599,214,3.2813,190900,<1H OCEAN,4,Long Beach,Affordable
-118.16,33.88,30,1694,398.0,1181,383,2.9779,169500,<1H OCEAN,4,Long Beach,Affordable
-118.13,33.9,36,1814,350.0,886,347,3.4868,208400,<1H OCEAN,4,Long Beach,Affordable
-118.13,33.89,33,3668,867.0,2368,845,2.8906,204900,<1H OCEAN,4,Long Beach,Affordable
-118.14,33.89,33,2867,786.0,1774,705,2.9292,183400,<1H OCEAN,4,Long Beach,Affordable
-118.13,33.89,36,599,125.0,361,139,5.0395,225800,<1H OCEAN,4,Long Beach,Affordable
-118.13,33.9,36,1477,305.0,788,291,3.625,195800,<1H OCEAN,4,Long Beach,Affordable
-118.14,33.9,39,1379,282.0,883,291,3.3375,180100,<1H OCEAN,4,Long Beach,Affordable
-118.13,33.9,35,1458,261.0,686,236,3.9038,202700,<1H OCEAN,4,Long Beach,Affordable
-118.12,33.9,35,3478,730.0,1885,673,2.9375,206500,<1H OCEAN,4,Long Beach,Affordable
-118.12,33.89,22,6876,1960.0,5162,1879,2.9293,170800,<1H OCEAN,4,Long Beach,Affordable
-118.12,33.89,29,2666,848.0,2030,781,2.5432,180900,<1H OCEAN,4,Long Beach,Affordable
-118.12,33.9,38,1222,282.0,756,256,4.125,173900,<1H OCEAN,4,Long Beach,Affordable
-118.12,33.88,25,1768,559.0,983,488,2.6184,243800,<1H OCEAN,4,Long Beach,Affordable
-118.12,33.88,40,2344,571.0,1305,544,3.1923,191900,<1H OCEAN,4,Long Beach,Affordable
-118.13,33.88,32,3088,1024.0,1981,956,2.2027,192700,<1H OCEAN,4,Long Beach,Affordable
-118.13,33.89,29,2823,737.0,1723,678,2.7121,165500,<1H OCEAN,4,Long Beach,Affordable
-118.14,33.89,37,1159,238.0,740,243,4.9107,179600,<1H OCEAN,4,Long Beach,Affordable
-118.14,33.89,39,1744,339.0,1048,330,4.5735,195500,<1H OCEAN,4,Long Beach,Affordable
-118.14,33.88,30,2596,580.0,1662,539,4.0507,179500,<1H OCEAN,4,Long Beach,Affordable
-118.14,33.89,33,1250,276.0,866,268,4.1708,175000,<1H OCEAN,4,Long Beach,Affordable
-118.14,33.88,41,1531,343.0,1119,341,4.364600000000001,161400,<1H OCEAN,4,Long Beach,Affordable
-118.14,33.88,24,3305,982.0,2085,881,2.6641,168200,<1H OCEAN,4,Long Beach,Affordable
-118.15,33.87,29,2690,659.0,1747,617,3.3713,198200,<1H OCEAN,4,Long Beach,Affordable
-118.11,33.88,19,3203,708.0,1761,667,4.0911,239700,<1H OCEAN,4,Long Beach,Affordable
-118.11,33.87,33,1379,254.0,795,297,4.6713,231800,<1H OCEAN,4,Long Beach,Affordable
-118.11,33.87,15,3254,598.0,1772,618,5.0417,240800,<1H OCEAN,4,Long Beach,Affordable
-118.12,33.87,21,3764,1081.0,1919,977,2.5057,156300,<1H OCEAN,4,Long Beach,Affordable
-118.12,33.88,36,1083,218.0,557,210,3.0795,218400,<1H OCEAN,4,Long Beach,Affordable
-118.13,33.88,32,1788,459.0,1131,461,3.5278,166100,<1H OCEAN,4,Long Beach,Affordable
-118.13,33.87,20,3638,868.0,2326,822,3.3304,194600,<1H OCEAN,4,Long Beach,Affordable
-118.14,33.87,21,6618,1773.0,4396,1649,3.0989,171400,<1H OCEAN,4,Long Beach,Affordable
-118.06,33.88,17,7187,1073.0,3844,1068,6.5901,337400,<1H OCEAN,4,Long Beach,Affordable
-118.05,33.87,18,4928,773.0,2952,754,5.8855,313800,<1H OCEAN,4,Long Beach,Affordable
-118.07,33.88,16,4934,825.0,2668,810,5.748,284200,<1H OCEAN,4,Long Beach,Affordable
-118.07,33.88,17,2407,539.0,1422,524,4.2619,139700,<1H OCEAN,4,Long Beach,Affordable
-118.07,33.88,18,2436,375.0,1303,386,6.1968,344700,<1H OCEAN,4,Long Beach,Affordable
-118.07,33.87,18,3405,556.0,1945,509,5.7652,299100,<1H OCEAN,4,Long Beach,Affordable
-118.08,33.86,17,2259,383.0,1378,386,5.8733,287000,<1H OCEAN,4,Long Beach,Affordable
-118.08,33.85,19,4261,678.0,2621,661,6.2427,288700,<1H OCEAN,4,Long Beach,Affordable
-118.07,33.86,17,3666,562.0,2104,579,5.6818,338900,<1H OCEAN,4,Long Beach,Affordable
-118.07,33.85,16,3771,606.0,2196,564,7.0113,319700,<1H OCEAN,4,Long Beach,Affordable
-118.06,33.86,16,5603,938.0,3045,893,5.0778,293700,<1H OCEAN,4,Long Beach,Affordable
-118.05,33.86,16,2851,626.0,1985,603,5.4089,265600,<1H OCEAN,4,Long Beach,Affordable
-118.05,33.86,16,2676,391.0,1377,395,6.5513,350400,<1H OCEAN,4,Long Beach,Affordable
-118.06,33.85,16,4851,726.0,2527,704,6.0142,437400,<1H OCEAN,4,Long Beach,Affordable
-118.1,33.88,18,8046,1221.0,4276,1228,6.5515,319600,<1H OCEAN,4,Long Beach,Affordable
-118.1,33.86,21,3052,624.0,1588,568,4.3397,268100,<1H OCEAN,4,Long Beach,Affordable
-118.09,33.85,19,8120,1371.0,5026,1345,6.3093,286500,<1H OCEAN,4,Long Beach,Affordable
-118.1,33.85,19,993,174.0,572,175,5.7039,277600,<1H OCEAN,4,Long Beach,Affordable
-118.08,33.88,27,3065,736.0,1840,719,3.6417,208100,<1H OCEAN,4,Long Beach,Affordable
-118.09,33.88,27,3119,635.0,1887,567,3.8654,195300,<1H OCEAN,4,Long Beach,Affordable
-118.07,33.89,32,1819,386.0,1679,360,3.5562,146000,<1H OCEAN,4,Long Beach,Affordable
-118.08,33.89,33,2131,435.0,2045,426,4.0,145700,<1H OCEAN,4,Long Beach,Affordable
-118.08,33.88,27,923,186.0,1014,204,3.825,159500,<1H OCEAN,4,Long Beach,Affordable
-118.08,33.88,30,1901,519.0,2685,496,3.2639,120100,<1H OCEAN,4,Long Beach,Affordable
-118.08,33.88,26,1507,270.0,931,275,5.1645,244900,<1H OCEAN,4,Long Beach,Affordable
-118.08,33.87,23,2536,552.0,2012,556,4.1406,200800,<1H OCEAN,4,Long Beach,Affordable
-118.07,33.87,28,2399,436.0,1613,429,3.6339,220100,<1H OCEAN,4,Long Beach,Affordable
-118.09,33.87,31,3498,728.0,2098,697,3.9837,246000,<1H OCEAN,4,Long Beach,Affordable
-118.07,33.86,31,2943,518.0,1703,472,3.7091,225900,<1H OCEAN,4,Long Beach,Affordable
-118.07,33.86,28,1789,352.0,1347,330,3.425,189700,<1H OCEAN,4,Long Beach,Affordable
-118.08,33.86,26,778,173.0,539,186,3.2679,236500,<1H OCEAN,4,Long Beach,Affordable
-118.08,33.86,29,3260,783.0,1969,737,3.5268,215500,<1H OCEAN,4,Long Beach,Affordable
-118.08,33.86,29,1018,235.0,684,248,3.3333,198800,<1H OCEAN,4,Long Beach,Affordable
-118.08,33.84,31,2377,600.0,2042,593,3.625,170400,<1H OCEAN,4,Long Beach,Affordable
-118.08,33.84,31,2906,578.0,1806,553,4.8448,194600,<1H OCEAN,4,Long Beach,Affordable
-118.09,33.84,23,4412,910.0,2380,825,4.54,213100,<1H OCEAN,4,Long Beach,Affordable
-118.09,33.84,27,1594,295.0,1061,320,4.7917,217700,<1H OCEAN,4,Long Beach,Affordable
-118.08,33.85,22,1055,204.0,682,216,6.0,191300,<1H OCEAN,4,Long Beach,Affordable
-118.08,33.84,28,4216,948.0,2997,896,3.7961,162700,<1H OCEAN,4,Long Beach,Affordable
-118.08,33.84,25,3696,953.0,2827,860,3.3438,153300,<1H OCEAN,4,Long Beach,Affordable
-118.06,33.84,26,6960,1454.0,4367,1437,4.7953,210900,<1H OCEAN,4,Long Beach,Affordable
-118.06,33.84,20,5643,1231.0,3841,1195,4.0542,168400,<1H OCEAN,4,Long Beach,Affordable
-118.07,33.82,27,3481,576.0,1660,560,5.7965,228200,<1H OCEAN,4,Long Beach,Affordable
-118.08,33.82,26,4259,588.0,1644,581,6.2519,345700,<1H OCEAN,4,Long Beach,Affordable
-118.08,33.83,30,2188,556.0,2727,525,2.7759,136800,<1H OCEAN,4,Long Beach,Affordable
-118.08,33.82,30,2636,652.0,3412,649,2.8095,118300,<1H OCEAN,4,Long Beach,Affordable
-118.07,33.83,17,4822,1168.0,3868,1117,2.5978,142900,<1H OCEAN,4,Long Beach,Affordable
-118.11,33.86,33,2389,410.0,1229,393,5.3889,234900,<1H OCEAN,4,Long Beach,Affordable
-118.11,33.86,35,1255,252.0,685,279,4.2,226900,<1H OCEAN,4,Long Beach,Affordable
-118.12,33.86,44,2663,511.0,1277,462,4.3194,199500,<1H OCEAN,4,Long Beach,Affordable
-118.12,33.87,43,1633,355.0,837,350,3.0405,188000,<1H OCEAN,4,Long Beach,Affordable
-118.13,33.87,45,1606,300.0,735,295,4.6765,198400,<1H OCEAN,4,Long Beach,Affordable
-118.13,33.86,45,1320,256.0,645,256,4.400000000000001,209500,<1H OCEAN,4,Long Beach,Affordable
-118.13,33.86,45,1866,343.0,919,344,3.5833,200200,<1H OCEAN,4,Long Beach,Affordable
-118.14,33.87,44,1661,315.0,985,319,4.3942,219500,<1H OCEAN,4,Long Beach,Affordable
-118.14,33.86,43,2104,382.0,1071,396,5.0,208900,<1H OCEAN,4,Long Beach,Affordable
-118.14,33.86,44,1436,257.0,745,233,4.625,213400,<1H OCEAN,4,Long Beach,Affordable
-118.14,33.86,44,1276,234.0,538,213,4.8667,218300,<1H OCEAN,4,Long Beach,Affordable
-118.14,33.87,44,1607,271.0,799,283,5.084,214100,<1H OCEAN,4,Long Beach,Affordable
-118.15,33.86,36,1578,312.0,827,311,4.8942,194100,<1H OCEAN,4,Long Beach,Affordable
-118.15,33.86,34,2403,413.0,1385,386,4.493400000000001,213800,<1H OCEAN,4,Long Beach,Affordable
-118.16,33.88,33,2180,522.0,1634,467,3.0114,167000,<1H OCEAN,4,Long Beach,Affordable
-118.15,33.87,33,2373,552.0,1673,571,3.0685,181800,<1H OCEAN,4,Long Beach,Affordable
-118.16,33.87,32,1854,471.0,1363,478,2.6406,156700,<1H OCEAN,4,Long Beach,Affordable
-118.16,33.88,18,2287,662.0,1804,537,1.9903,170300,<1H OCEAN,4,Long Beach,Affordable
-118.17,33.88,29,815,206.0,590,183,3.0052,166700,<1H OCEAN,4,Long Beach,Affordable
-118.17,33.88,42,1645,371.0,1161,351,3.0893,162700,<1H OCEAN,4,Long Beach,Affordable
-118.18,33.88,47,882,185.0,536,174,4.625,163000,<1H OCEAN,4,Long Beach,Affordable
-118.18,33.88,44,1308,267.0,783,237,4.7361,167700,<1H OCEAN,4,Long Beach,Affordable
-118.18,33.88,42,2326,503.0,1832,501,3.1713,161000,<1H OCEAN,4,Long Beach,Affordable
-118.19,33.87,27,4701,1359.0,2571,1216,2.5417,184100,<1H OCEAN,4,Long Beach,Affordable
-118.19,33.87,35,1769,436.0,1166,386,2.875,178300,<1H OCEAN,4,Long Beach,Affordable
-118.19,33.86,42,1999,431.0,1060,399,3.7031,167100,<1H OCEAN,4,Long Beach,Affordable
-118.19,33.86,46,1824,438.0,1200,451,3.4375,156700,<1H OCEAN,4,Long Beach,Affordable
-118.19,33.86,38,2009,524.0,1449,451,2.7045,155400,<1H OCEAN,4,Long Beach,Affordable
-118.19,33.86,35,1133,296.0,774,271,2.2381,137500,<1H OCEAN,4,Long Beach,Affordable
-118.19,33.86,36,2013,546.0,1659,522,3.1215,153600,<1H OCEAN,4,Long Beach,Affordable
-118.2,33.86,27,2732,867.0,1690,794,2.6465,160200,<1H OCEAN,4,Long Beach,Affordable
-118.19,33.87,42,1213,269.0,628,229,3.6987,152100,<1H OCEAN,4,Long Beach,Affordable
-118.2,33.88,40,1699,346.0,1188,329,4.208300000000001,147300,<1H OCEAN,4,Long Beach,Affordable
-118.2,33.88,40,2945,725.0,2858,690,3.2368,136900,<1H OCEAN,4,Long Beach,Affordable
-118.21,33.88,31,1332,417.0,1405,363,2.0125,143000,<1H OCEAN,4,Long Beach,Affordable
-118.21,33.88,32,1507,379.0,1082,350,3.225,138200,<1H OCEAN,4,Long Beach,Affordable
-118.2,33.87,26,703,202.0,757,212,2.525,155500,<1H OCEAN,4,Long Beach,Affordable
-118.2,33.87,42,1482,310.0,1052,317,3.9469,158200,<1H OCEAN,4,Long Beach,Affordable
-118.2,33.87,36,1554,273.0,974,264,4.2135,161400,<1H OCEAN,4,Long Beach,Affordable
-118.17,33.87,40,2462,587.0,1821,536,3.5646,162600,<1H OCEAN,4,Long Beach,Affordable
-118.17,33.86,44,1701,396.0,1091,384,3.025,162300,<1H OCEAN,4,Long Beach,Affordable
-118.17,33.87,49,1937,445.0,1339,440,3.0319,162800,<1H OCEAN,4,Long Beach,Affordable
-118.17,33.87,48,2258,509.0,1395,492,3.765,164800,<1H OCEAN,4,Long Beach,Affordable
-118.17,33.87,45,2110,494.0,1404,454,2.9803,165900,<1H OCEAN,4,Long Beach,Affordable
-118.18,33.87,44,2137,461.0,1126,439,3.4408,172900,<1H OCEAN,4,Long Beach,Affordable
-118.18,33.87,44,1832,401.0,1056,405,4.065800000000001,175100,<1H OCEAN,4,Long Beach,Affordable
-118.18,33.87,38,2664,626.0,1627,604,3.7527,161900,<1H OCEAN,4,Long Beach,Affordable
-118.16,33.86,26,6607,1663.0,4066,1558,2.5068,156300,<1H OCEAN,4,Long Beach,Affordable
-118.17,33.86,10,1664,508.0,1369,493,2.9886,175000,<1H OCEAN,4,Long Beach,Affordable
-118.17,33.85,39,2247,526.0,1670,525,3.07,173000,<1H OCEAN,4,Long Beach,Affordable
-118.18,33.85,38,3596,862.0,2416,832,3.6897,169800,<1H OCEAN,4,Long Beach,Affordable
-118.18,33.86,43,2752,645.0,1674,614,3.6719,161300,<1H OCEAN,4,Long Beach,Affordable
-118.18,33.86,39,2925,732.0,1702,642,2.375,160800,<1H OCEAN,4,Long Beach,Affordable
-118.17,33.86,40,1301,342.0,954,336,2.3804,158000,<1H OCEAN,4,Long Beach,Affordable
-118.14,33.86,37,1404,257.0,652,258,4.2062,195400,<1H OCEAN,4,Long Beach,Affordable
-118.15,33.85,30,4071,1067.0,2144,970,2.7268,218100,<1H OCEAN,4,Long Beach,Affordable
-118.15,33.85,36,1435,249.0,606,234,4.143900000000001,212600,<1H OCEAN,4,Long Beach,Affordable
-118.15,33.85,36,1491,259.0,699,266,4.0781,217300,<1H OCEAN,4,Long Beach,Affordable
-118.15,33.86,32,2630,559.0,1069,491,2.4659,209000,<1H OCEAN,4,Long Beach,Affordable
-118.16,33.85,36,2668,473.0,1315,478,4.0714,215600,<1H OCEAN,4,Long Beach,Affordable
-118.16,33.85,36,1979,339.0,952,339,4.0815,216200,<1H OCEAN,4,Long Beach,Affordable
-118.13,33.86,37,2259,425.0,1183,413,5.1805,201600,<1H OCEAN,4,Long Beach,Affordable
-118.13,33.85,36,2110,416.0,1128,403,4.6019,208400,<1H OCEAN,4,Long Beach,Affordable
-118.13,33.85,36,1885,391.0,1049,405,3.55,212800,<1H OCEAN,4,Long Beach,Affordable
-118.14,33.86,36,1774,348.0,934,333,4.8571,203300,<1H OCEAN,4,Long Beach,Affordable
-118.14,33.86,36,1703,325.0,845,308,5.0106,210800,<1H OCEAN,4,Long Beach,Affordable
-118.1,33.85,28,2825,470.0,1352,469,5.2639,242000,<1H OCEAN,4,Long Beach,Affordable
-118.1,33.85,36,1473,253.0,713,257,5.9493,228000,<1H OCEAN,4,Long Beach,Affordable
-118.1,33.85,36,956,159.0,416,157,4.6429,223700,<1H OCEAN,4,Long Beach,Affordable
-118.11,33.85,36,887,163.0,482,157,4.125,219500,<1H OCEAN,4,Long Beach,Affordable
-118.11,33.85,36,2418,389.0,1138,387,4.8393,216300,<1H OCEAN,4,Long Beach,Affordable
-118.11,33.86,36,2750,487.0,1386,458,4.9904,221700,<1H OCEAN,4,Long Beach,Affordable
-118.12,33.86,34,2116,427.0,972,396,4.8516,213600,<1H OCEAN,4,Long Beach,Affordable
-118.12,33.85,37,2584,453.0,1333,481,4.366100000000001,219900,<1H OCEAN,4,Long Beach,Affordable
-118.12,33.85,37,2386,409.0,1101,399,4.6908,218200,<1H OCEAN,4,Long Beach,Affordable
-118.1,33.84,35,1790,269.0,924,263,5.296,226200,<1H OCEAN,4,Long Beach,Affordable
-118.1,33.84,36,1915,316.0,850,319,4.7222,225800,<1H OCEAN,4,Long Beach,Affordable
-118.1,33.83,37,2059,349.0,825,334,4.0603,225200,<1H OCEAN,4,Long Beach,Affordable
-118.11,33.83,36,1726,287.0,820,288,5.5767,218100,<1H OCEAN,4,Long Beach,Affordable
-118.1,33.84,36,1557,270.0,697,251,4.5417,219600,<1H OCEAN,4,Long Beach,Affordable
-118.1,33.84,36,2572,421.0,1318,434,5.1836,219700,<1H OCEAN,4,Long Beach,Affordable
-118.1,33.84,36,690,109.0,316,104,3.7813,209100,<1H OCEAN,4,Long Beach,Affordable
-118.11,33.84,37,1588,272.0,692,245,4.8594,220300,<1H OCEAN,4,Long Beach,Affordable
-118.11,33.84,36,1756,297.0,798,287,5.5581,218300,<1H OCEAN,4,Long Beach,Affordable
-118.12,33.84,37,2143,382.0,1047,377,4.442300000000001,216000,<1H OCEAN,4,Long Beach,Affordable
-118.12,33.84,37,2706,462.0,1331,476,5.0719,220000,<1H OCEAN,4,Long Beach,Affordable
-118.11,33.84,36,1074,188.0,496,196,4.625,217400,<1H OCEAN,4,Long Beach,Affordable
-118.11,33.84,36,1523,263.0,717,278,4.875,218900,<1H OCEAN,4,Long Beach,Affordable
-118.11,33.83,36,1784,303.0,964,299,4.2703,220900,<1H OCEAN,4,Long Beach,Affordable
-118.12,33.83,44,1712,314.0,691,293,4.3594,221300,<1H OCEAN,4,Long Beach,Affordable
-118.12,33.84,37,1242,221.0,565,213,4.1094,215800,<1H OCEAN,4,Long Beach,Affordable
-118.11,33.84,36,1463,257.0,722,260,4.8438,226300,<1H OCEAN,4,Long Beach,Affordable
-118.13,33.84,35,3008,674.0,1584,671,3.5465,213200,<1H OCEAN,4,Long Beach,Affordable
-118.13,33.84,46,2439,429.0,944,374,4.2841,312400,<1H OCEAN,4,Long Beach,Affordable
-118.13,33.83,44,1710,333.0,786,344,4.2917,314700,<1H OCEAN,4,Long Beach,Affordable
-118.14,33.84,43,2107,439.0,876,429,3.2024,339400,<1H OCEAN,4,Long Beach,Affordable
-118.13,33.84,48,1895,294.0,881,293,6.3364,307400,<1H OCEAN,4,Long Beach,Affordable
-118.14,33.84,45,1908,361.0,890,342,4.575,336000,<1H OCEAN,4,Long Beach,Affordable
-118.14,33.84,44,3043,619.0,1316,607,4.428600000000001,254900,<1H OCEAN,4,Long Beach,Affordable
-118.14,33.84,36,3002,484.0,1322,471,4.933,228900,<1H OCEAN,4,Long Beach,Affordable
-118.15,33.84,29,2448,354.0,894,349,7.6526,481300,<1H OCEAN,4,Long Beach,Affordable
-118.15,33.84,36,2987,491.0,1360,497,4.8013,224100,<1H OCEAN,4,Long Beach,Affordable
-118.15,33.84,37,1508,252.0,635,241,3.75,221300,<1H OCEAN,4,Long Beach,Affordable
-118.16,33.84,36,2444,432.0,1199,424,4.153800000000001,218800,<1H OCEAN,4,Long Beach,Affordable
-118.16,33.84,36,1348,234.0,643,221,3.6447,211000,<1H OCEAN,4,Long Beach,Affordable
-118.16,33.84,36,2831,573.0,1462,569,3.8646,214600,<1H OCEAN,4,Long Beach,Affordable
-118.16,33.84,36,2220,367.0,1002,351,5.0719,219500,<1H OCEAN,4,Long Beach,Affordable
-118.17,33.85,37,3714,708.0,1956,694,4.2218,200500,<1H OCEAN,4,Long Beach,Affordable
-118.17,33.84,45,1533,331.0,791,335,3.4605,186600,<1H OCEAN,4,Long Beach,Affordable
-118.17,33.84,29,4716,1372.0,2515,1272,2.726,208700,<1H OCEAN,4,Long Beach,Affordable
-118.17,33.84,45,1853,328.0,945,320,5.0787,219200,<1H OCEAN,4,Long Beach,Affordable
-118.17,33.83,45,2019,363.0,880,339,4.1023,217300,NEAR OCEAN,4,Long Beach,Affordable
-118.18,33.85,40,2597,582.0,1285,559,3.975,213800,<1H OCEAN,4,Long Beach,Affordable
-118.18,33.84,35,1415,294.0,591,291,2.9798,315600,NEAR OCEAN,4,Long Beach,Affordable
-118.19,33.84,44,2731,577.0,1396,555,4.177100000000001,219100,NEAR OCEAN,4,Long Beach,Affordable
-118.19,33.84,24,1228,320.0,537,273,2.25,192000,NEAR OCEAN,4,Long Beach,Affordable
-118.18,33.85,30,2548,717.0,2086,700,0.7007,134400,<1H OCEAN,4,Long Beach,Affordable
-118.18,33.85,44,1890,465.0,1378,430,3.8819,143200,<1H OCEAN,4,Long Beach,Affordable
-118.19,33.85,30,3533,1061.0,2678,1033,2.2417,151900,NEAR OCEAN,4,Long Beach,Affordable
-118.19,33.85,49,1073,260.0,725,272,3.8026,149700,NEAR OCEAN,4,Long Beach,Affordable
-118.19,33.85,45,1167,302.0,773,287,3.2798,150300,NEAR OCEAN,4,Long Beach,Affordable
-118.2,33.85,33,2557,731.0,2286,700,2.3041,149100,<1H OCEAN,4,Long Beach,Affordable
-118.2,33.85,46,1854,462.0,1360,429,2.4844,158200,<1H OCEAN,4,Long Beach,Affordable
-118.2,33.84,35,3405,779.0,1953,671,2.7813,159200,NEAR OCEAN,4,Long Beach,Affordable
-118.2,33.83,35,3737,613.0,1305,583,7.2096,490300,NEAR OCEAN,4,Long Beach,Affordable
-118.19,33.83,43,2641,411.0,1011,444,6.4468,444200,NEAR OCEAN,4,Long Beach,Affordable
-118.19,33.83,42,1773,360.0,815,299,4.9,406300,NEAR OCEAN,4,Long Beach,Affordable
-118.17,33.83,45,1808,315.0,800,302,4.8693,277700,NEAR OCEAN,4,Long Beach,Affordable
-118.17,33.83,46,1362,214.0,531,222,4.3125,290500,NEAR OCEAN,4,Long Beach,Affordable
-118.18,33.83,44,1497,277.0,542,274,5.0052,321800,NEAR OCEAN,4,Long Beach,Affordable
-118.18,33.83,45,1535,274.0,591,276,4.241100000000001,371700,NEAR OCEAN,4,Long Beach,Affordable
-118.18,33.83,39,3622,745.0,1330,648,3.3125,425500,NEAR OCEAN,4,Long Beach,Affordable
-118.18,33.84,43,2561,544.0,1063,537,3.835,418600,NEAR OCEAN,4,Long Beach,Affordable
-118.17,33.82,50,3587,693.0,1513,651,5.5106,252200,NEAR OCEAN,4,Long Beach,Affordable
-118.17,33.82,52,2539,497.0,1152,488,4.1354,268200,NEAR OCEAN,4,Long Beach,Affordable
-118.18,33.83,52,2569,484.0,1030,451,4.1301,268400,NEAR OCEAN,4,Long Beach,Affordable
-118.18,33.82,52,2618,472.0,943,440,3.7895,254000,NEAR OCEAN,4,Long Beach,Affordable
-118.18,33.82,43,284,65.0,167,68,4.25,207500,NEAR OCEAN,4,Long Beach,Affordable
-118.19,33.83,30,2246,552.0,1032,548,3.5871,347100,NEAR OCEAN,4,Long Beach,Affordable
-118.19,33.82,19,2953,895.0,1914,855,3.5521,290000,NEAR OCEAN,4,Long Beach,Affordable
-118.2,33.82,21,2251,452.0,913,420,4.6042,272200,NEAR OCEAN,4,Long Beach,Affordable
-118.2,33.82,43,1758,347.0,954,312,5.2606,198900,NEAR OCEAN,4,Long Beach,Affordable
-118.19,33.82,11,872,203.0,422,221,4.6364,156300,NEAR OCEAN,4,Long Beach,Affordable
-118.19,33.81,21,1835,427.0,1038,384,4.4559,198500,NEAR OCEAN,4,Long Beach,Affordable
-118.2,33.81,43,3013,574.0,1525,529,4.95,194000,NEAR OCEAN,4,Long Beach,Affordable
-118.2,33.82,34,2807,768.0,2217,744,2.4286,204800,NEAR OCEAN,4,Long Beach,Affordable
-118.19,33.81,23,954,390.0,804,373,2.5833,181300,NEAR OCEAN,4,Long Beach,Affordable
-118.2,33.81,45,944,178.0,533,193,3.4808,206900,NEAR OCEAN,4,Long Beach,Affordable
-118.2,33.81,46,1388,254.0,742,241,4.6458,212100,NEAR OCEAN,4,Long Beach,Affordable
-118.2,33.81,47,2347,437.0,1219,420,5.3096,209900,NEAR OCEAN,4,Long Beach,Affordable
-118.21,33.82,34,1719,398.0,1444,372,2.8438,139300,NEAR OCEAN,4,Long Beach,Affordable
-118.21,33.81,43,905,199.0,764,204,3.3214,162200,NEAR OCEAN,4,Long Beach,Affordable
-118.21,33.81,40,1815,428.0,1807,413,3.0882,160700,NEAR OCEAN,4,Long Beach,Affordable
-118.21,33.82,33,1278,311.0,1157,320,3.5054,146800,NEAR OCEAN,4,Long Beach,Affordable
-118.22,33.82,30,1680,469.0,1779,429,3.6086,146300,NEAR OCEAN,4,Long Beach,Affordable
-118.21,33.82,45,455,92.0,394,89,4.9562,165700,NEAR OCEAN,4,Long Beach,Affordable
-118.21,33.82,43,1005,199.0,723,191,4.3424,162500,NEAR OCEAN,4,Long Beach,Affordable
-118.22,33.82,17,5357,1332.0,3030,1266,1.9311,138100,NEAR OCEAN,4,Long Beach,Affordable
-118.21,33.81,45,1693,337.0,1255,333,3.6923,159700,NEAR OCEAN,4,Long Beach,Affordable
-118.21,33.81,45,1816,398.0,1524,388,3.8586,157900,NEAR OCEAN,4,Long Beach,Affordable
-118.22,33.81,38,1486,359.0,1345,326,3.3988,147800,NEAR OCEAN,4,Long Beach,Affordable
-118.22,33.81,41,726,166.0,602,183,3.7885,156900,NEAR OCEAN,4,Long Beach,Affordable
-118.21,33.8,45,1160,274.0,1095,269,2.7308,139000,NEAR OCEAN,4,Long Beach,Affordable
-118.21,33.8,41,1251,279.0,1053,278,3.2778,150800,NEAR OCEAN,4,Long Beach,Affordable
-118.22,33.8,36,1285,347.0,1291,337,3.7708,157100,NEAR OCEAN,4,Long Beach,Affordable
-118.22,33.8,33,1984,477.0,1764,440,3.875,165100,NEAR OCEAN,4,Long Beach,Affordable
-118.22,33.79,28,3008,629.0,2537,596,2.3,137500,NEAR OCEAN,4,Long Beach,Affordable
-118.21,33.79,39,1598,458.0,1691,399,2.3605,141800,NEAR OCEAN,4,Long Beach,Affordable
-118.21,33.79,32,2020,613.0,2557,562,2.1397,145300,NEAR OCEAN,4,Long Beach,Affordable
-118.21,33.8,44,1387,280.0,984,302,4.25,143100,NEAR OCEAN,4,Long Beach,Affordable
-118.19,33.8,38,2010,595.0,1535,525,1.9848,160400,NEAR OCEAN,4,Long Beach,Affordable
-118.19,33.79,29,3497,1096.0,2994,919,1.8109,137500,NEAR OCEAN,4,Long Beach,Affordable
-118.2,33.79,47,767,195.0,569,195,2.9514,185200,NEAR OCEAN,4,Long Beach,Affordable
-118.2,33.79,48,2105,592.0,1807,539,2.7183,190400,NEAR OCEAN,4,Long Beach,Affordable
-118.2,33.79,47,2549,626.0,1388,606,3.0135,192700,NEAR OCEAN,4,Long Beach,Affordable
-118.2,33.8,52,1786,445.0,1090,430,2.8988,194900,NEAR OCEAN,4,Long Beach,Affordable
-118.19,33.8,41,2125,591.0,1604,555,2.9943,190600,NEAR OCEAN,4,Long Beach,Affordable
-118.2,33.8,42,4577,1146.0,2749,1094,2.5012,197500,NEAR OCEAN,4,Long Beach,Affordable
-118.2,33.8,45,2456,495.0,1300,450,3.9792,210200,NEAR OCEAN,4,Long Beach,Affordable
-118.2,33.8,52,1009,216.0,614,231,4.0074,200800,NEAR OCEAN,4,Long Beach,Affordable
-118.18,33.8,42,2301,621.0,2114,561,2.0579,132700,NEAR OCEAN,4,Long Beach,Affordable
-118.19,33.8,36,2326,729.0,2635,657,2.1985,141800,NEAR OCEAN,4,Long Beach,Affordable
-118.18,33.79,42,1571,435.0,1631,417,1.6384,128000,NEAR OCEAN,4,Long Beach,Affordable
-118.19,33.79,41,2114,612.0,2357,529,1.7938,142600,NEAR OCEAN,4,Long Beach,Affordable
-118.19,33.79,43,1823,600.0,2339,560,1.6792,130600,NEAR OCEAN,4,Long Beach,Affordable
-118.18,33.8,30,2734,758.0,2951,691,1.7689,117600,NEAR OCEAN,4,Long Beach,Affordable
-118.17,33.79,36,948,303.0,1042,301,1.55,100000,NEAR OCEAN,4,Long Beach,Affordable
-118.18,33.82,43,2210,469.0,1042,418,3.5,216700,NEAR OCEAN,4,Long Beach,Affordable
-118.18,33.81,27,471,132.0,315,96,1.75,154200,NEAR OCEAN,4,Long Beach,Affordable
-118.16,33.8,9,3564,835.0,1530,807,5.1806,175000,NEAR OCEAN,4,Long Beach,Affordable
-118.16,33.79,25,5463,1265.0,3010,1179,3.233,199100,NEAR OCEAN,4,Long Beach,Affordable
-118.17,33.8,26,1589,380.0,883,366,3.5313,187500,NEAR OCEAN,4,Long Beach,Affordable
-118.18,33.8,15,2407,589.0,1591,506,3.0513,148100,NEAR OCEAN,4,Long Beach,Affordable
-118.12,33.83,45,1579,278.0,687,285,5.0424,225900,<1H OCEAN,4,Long Beach,Affordable
-118.12,33.83,45,1734,331.0,797,293,4.8917,222800,<1H OCEAN,4,Long Beach,Affordable
-118.12,33.82,43,1544,286.0,701,298,4.1375,226000,<1H OCEAN,4,Long Beach,Affordable
-118.12,33.82,42,1493,277.0,671,267,3.2794,224500,<1H OCEAN,4,Long Beach,Affordable
-118.13,33.82,44,1619,280.0,815,284,5.5449,232200,<1H OCEAN,4,Long Beach,Affordable
-118.13,33.82,44,1785,307.0,779,291,4.3056,228600,<1H OCEAN,4,Long Beach,Affordable
-118.13,33.83,45,3087,574.0,1474,567,5.5196,227600,<1H OCEAN,4,Long Beach,Affordable
-118.1,33.83,36,1408,250.0,702,251,4.875,222500,<1H OCEAN,4,Long Beach,Affordable
-118.11,33.83,36,1462,233.0,664,220,5.1171,225300,<1H OCEAN,4,Long Beach,Affordable
-118.11,33.82,36,1999,390.0,887,379,3.8162,221900,<1H OCEAN,4,Long Beach,Affordable
-118.11,33.82,36,1742,340.0,857,341,4.6875,218200,<1H OCEAN,4,Long Beach,Affordable
-118.11,33.83,37,1249,202.0,517,189,4.4196,223100,<1H OCEAN,4,Long Beach,Affordable
-118.11,33.83,36,1820,313.0,899,295,4.918,225200,<1H OCEAN,4,Long Beach,Affordable
-118.09,33.83,36,2734,448.0,1308,441,5.9265,227300,<1H OCEAN,4,Long Beach,Affordable
-118.1,33.82,36,2422,420.0,1193,421,4.8462,225700,<1H OCEAN,4,Long Beach,Affordable
-118.1,33.82,36,1930,354.0,915,328,5.2713,244400,<1H OCEAN,4,Long Beach,Affordable
-118.1,33.83,36,2000,343.0,956,352,5.3735,234400,<1H OCEAN,4,Long Beach,Affordable
-118.08,33.81,20,6295,937.0,2292,874,7.6084,402500,<1H OCEAN,4,Long Beach,Affordable
-118.09,33.82,36,2219,393.0,1042,396,5.2299,239800,<1H OCEAN,4,Long Beach,Affordable
-118.09,33.81,36,1878,323.0,846,325,7.1937,254400,<1H OCEAN,4,Long Beach,Affordable
-118.1,33.81,36,1111,184.0,444,177,3.7031,245300,<1H OCEAN,4,Long Beach,Affordable
-118.1,33.81,36,856,146.0,451,164,5.1993,246000,<1H OCEAN,4,Long Beach,Affordable
-118.11,33.81,36,1252,209.0,558,214,3.9722,235600,<1H OCEAN,4,Long Beach,Affordable
-118.11,33.82,37,1987,347.0,1095,357,4.3203,232800,<1H OCEAN,4,Long Beach,Affordable
-118.1,33.82,36,1946,346.0,871,336,5.2155,254800,<1H OCEAN,4,Long Beach,Affordable
-118.11,33.82,37,1756,345.0,836,335,4.375,218200,<1H OCEAN,4,Long Beach,Affordable
-118.12,33.81,36,2565,458.0,1155,443,4.6087,224600,<1H OCEAN,4,Long Beach,Affordable
-118.12,33.81,37,1798,331.0,860,340,4.2143,228500,<1H OCEAN,4,Long Beach,Affordable
-118.13,33.81,37,1013,199.0,493,183,4.7845,231400,<1H OCEAN,4,Long Beach,Affordable
-118.13,33.81,37,1228,237.0,572,242,4.325,223900,<1H OCEAN,4,Long Beach,Affordable
-118.13,33.82,37,1530,290.0,711,283,5.1795,225400,<1H OCEAN,4,Long Beach,Affordable
-118.13,33.82,36,665,114.0,273,112,3.7321,223700,<1H OCEAN,4,Long Beach,Affordable
-118.13,33.81,34,1903,343.0,928,349,5.395,241900,<1H OCEAN,4,Long Beach,Affordable
-118.13,33.81,36,1749,322.0,855,319,4.6473,227100,<1H OCEAN,4,Long Beach,Affordable
-118.13,33.8,36,1026,182.0,505,176,4.3438,233600,<1H OCEAN,4,Long Beach,Affordable
-118.13,33.8,36,1496,271.0,743,265,4.4312,226000,<1H OCEAN,4,Long Beach,Affordable
-118.13,33.8,41,1509,325.0,821,314,4.0893,223000,<1H OCEAN,4,Long Beach,Affordable
-118.15,33.8,44,1886,399.0,1167,372,3.1042,219800,NEAR OCEAN,4,Long Beach,Affordable
-118.12,33.81,36,1774,299.0,784,298,5.0447,249200,<1H OCEAN,4,Long Beach,Affordable
-118.12,33.81,36,1665,291.0,721,294,4.6875,250700,<1H OCEAN,4,Long Beach,Affordable
-118.12,33.8,35,1835,435.0,774,418,2.7092,256300,<1H OCEAN,4,Long Beach,Affordable
-118.12,33.8,36,1257,205.0,530,211,5.3701,251400,<1H OCEAN,4,Long Beach,Affordable
-118.11,33.8,36,1837,319.0,810,305,4.389700000000001,235000,<1H OCEAN,4,Long Beach,Affordable
-118.11,33.79,36,1993,354.0,884,337,5.587,244900,<1H OCEAN,4,Long Beach,Affordable
-118.11,33.79,36,2223,370.0,1039,370,5.7942,257000,<1H OCEAN,4,Long Beach,Affordable
-118.09,33.81,36,1371,250.0,666,257,5.0795,243300,<1H OCEAN,4,Long Beach,Affordable
-118.09,33.8,36,1724,322.0,838,328,4.483100000000001,253900,<1H OCEAN,4,Long Beach,Affordable
-118.11,33.8,36,1680,291.0,744,280,4.66,244800,<1H OCEAN,4,Long Beach,Affordable
-118.11,33.8,35,1034,180.0,444,177,5.4602,231600,<1H OCEAN,4,Long Beach,Affordable
-118.11,33.81,37,1694,280.0,776,271,6.2187,257900,<1H OCEAN,4,Long Beach,Affordable
-118.1,33.81,36,1962,325.0,786,315,5.62,239600,<1H OCEAN,4,Long Beach,Affordable
-118.1,33.8,37,1814,329.0,850,328,5.0574,240800,<1H OCEAN,4,Long Beach,Affordable
-118.09,33.79,36,4210,657.0,1911,631,5.8491,247300,<1H OCEAN,4,Long Beach,Affordable
-118.1,33.78,35,4466,740.0,2134,743,5.7389,251800,<1H OCEAN,4,Long Beach,Affordable
-118.1,33.79,35,2370,379.0,996,380,5.7368,287200,<1H OCEAN,4,Long Beach,Affordable
-118.1,33.79,36,3359,596.0,1522,565,5.1805,249400,<1H OCEAN,4,Long Beach,Affordable
-118.11,33.78,16,3985,567.0,1327,564,7.9767,500001,<1H OCEAN,4,Long Beach,Affordable
-118.13,33.79,29,2937,524.0,1132,528,4.6133,500001,NEAR OCEAN,4,Long Beach,Affordable
-118.13,33.78,31,3039,739.0,1199,697,3.7232,500001,NEAR OCEAN,4,Long Beach,Affordable
-118.13,33.79,36,1245,211.0,508,221,5.3441,480600,NEAR OCEAN,4,Long Beach,Affordable
-118.12,33.79,43,1471,301.0,767,311,4.3317,232400,<1H OCEAN,4,Long Beach,Affordable
-118.12,33.79,41,1762,314.0,738,300,4.168700000000001,240700,<1H OCEAN,4,Long Beach,Affordable
-118.13,33.79,44,2153,375.0,947,364,5.0072,236200,NEAR OCEAN,4,Long Beach,Affordable
-118.13,33.79,45,2317,448.0,1057,428,4.375,234800,NEAR OCEAN,4,Long Beach,Affordable
-118.14,33.79,45,1519,263.0,681,267,4.6452,212500,NEAR OCEAN,4,Long Beach,Affordable
-118.13,33.79,20,6678,1797.0,3625,1599,3.7716,242900,NEAR OCEAN,4,Long Beach,Affordable
-118.14,33.8,43,2506,531.0,1230,543,3.4211,203900,NEAR OCEAN,4,Long Beach,Affordable
-118.15,33.79,5,3700,993.0,1657,848,3.7826,196300,NEAR OCEAN,4,Long Beach,Affordable
-118.14,33.79,23,2573,688.0,1478,604,3.4833,209400,NEAR OCEAN,4,Long Beach,Affordable
-118.14,33.79,44,2388,619.0,1461,592,3.1711,215400,NEAR OCEAN,4,Long Beach,Affordable
-118.14,33.78,44,2101,496.0,1038,500,3.108,217900,NEAR OCEAN,4,Long Beach,Affordable
-118.15,33.79,25,4013,1097.0,2297,969,3.0453,185900,NEAR OCEAN,4,Long Beach,Affordable
-118.15,33.78,17,1584,435.0,904,406,2.0875,181300,NEAR OCEAN,4,Long Beach,Affordable
-118.16,33.78,14,1709,558.0,1939,520,1.9808,139100,NEAR OCEAN,4,Long Beach,Affordable
-118.16,33.78,33,2048,585.0,2074,597,2.0156,152700,NEAR OCEAN,4,Long Beach,Affordable
-118.16,33.79,25,3742,1180.0,3916,1063,2.4,153700,NEAR OCEAN,4,Long Beach,Affordable
-118.16,33.79,26,3061,844.0,2135,769,2.875,164000,NEAR OCEAN,4,Long Beach,Affordable
-118.17,33.79,32,2171,672.0,3002,648,2.375,139700,NEAR OCEAN,4,Long Beach,Affordable
-118.17,33.79,30,1349,519.0,2646,552,1.9318,115900,NEAR OCEAN,4,Long Beach,Affordable
-118.18,33.78,36,1697,550.0,1379,434,1.2746,129700,NEAR OCEAN,4,Long Beach,Affordable
-118.18,33.79,27,1580,510.0,1896,448,2.0186,130000,NEAR OCEAN,4,Long Beach,Affordable
-118.17,33.79,28,1219,408.0,1816,348,1.7589,118300,NEAR OCEAN,4,Long Beach,Affordable
-118.18,33.79,20,1255,360.0,1201,318,1.2206,162500,NEAR OCEAN,4,Long Beach,Affordable
-118.19,33.78,29,1170,369.0,1398,373,2.2543,156300,NEAR OCEAN,4,Long Beach,Affordable
-118.19,33.79,37,1834,551.0,1967,476,2.137,126600,NEAR OCEAN,4,Long Beach,Affordable
-118.19,33.79,30,3107,994.0,3543,850,1.9387,141700,NEAR OCEAN,4,Long Beach,Affordable
-118.19,33.78,24,225,72.0,439,71,2.8533,137500,NEAR OCEAN,4,Long Beach,Affordable
-118.2,33.79,25,2851,968.0,3744,906,2.0675,116700,NEAR OCEAN,4,Long Beach,Affordable
-118.21,33.79,33,32,18.0,96,36,4.5938,112500,NEAR OCEAN,4,Long Beach,Affordable
-118.21,33.79,44,121,29.0,153,30,2.1964,150000,NEAR OCEAN,4,Long Beach,Affordable
-118.22,33.79,48,143,41.0,222,50,1.7,104200,NEAR OCEAN,4,Long Beach,Affordable
-118.23,33.76,21,49,14.0,29,16,5.0,87500,NEAR OCEAN,4,Long Beach,Affordable
-118.19,33.78,21,2741,1029.0,2924,969,1.3274,218800,NEAR OCEAN,4,Long Beach,Affordable
-118.19,33.78,35,1511,593.0,914,539,0.9318,187500,NEAR OCEAN,4,Long Beach,Affordable
-118.2,33.78,46,1889,651.0,1545,587,1.7064,175000,NEAR OCEAN,4,Long Beach,Affordable
-118.2,33.78,48,1766,497.0,1908,466,1.9872,168800,NEAR OCEAN,4,Long Beach,Affordable
-118.2,33.78,52,2662,893.0,3018,763,2.3305,162500,NEAR OCEAN,4,Long Beach,Affordable
-118.19,33.77,35,1574,603.0,820,514,1.2321,137500,NEAR OCEAN,4,Long Beach,Affordable
-118.2,33.77,40,2034,899.0,1257,797,1.2864,131300,NEAR OCEAN,4,Long Beach,Affordable
-118.2,33.77,24,2404,819.0,1566,753,1.5076,145800,NEAR OCEAN,4,Long Beach,Affordable
-118.2,33.77,22,1118,437.0,1190,399,1.9797,143800,NEAR OCEAN,4,Long Beach,Affordable
-118.2,33.77,52,1375,457.0,1089,317,2.2344,200000,NEAR OCEAN,4,Long Beach,Affordable
-118.2,33.77,41,1158,396.0,1209,336,2.7813,129200,NEAR OCEAN,4,Long Beach,Affordable
-118.2,33.77,42,517,233.0,995,212,2.225,106300,NEAR OCEAN,4,Long Beach,Affordable
-118.18,33.77,45,1434,627.0,735,518,1.5,162500,NEAR OCEAN,4,Long Beach,Affordable
-118.19,33.76,25,1442,392.0,632,385,4.6629,162500,NEAR OCEAN,4,Long Beach,Affordable
-118.19,33.77,52,1562,616.0,692,512,1.4048,200000,NEAR OCEAN,4,Long Beach,Affordable
-118.18,33.77,39,1645,547.0,1339,499,1.5536,155000,NEAR OCEAN,4,Long Beach,Affordable
-118.18,33.77,36,1833,688.0,1128,620,1.1483,112500,NEAR OCEAN,4,Long Beach,Affordable
-118.19,33.77,21,2103,727.0,1064,603,1.6178,137500,NEAR OCEAN,4,Long Beach,Affordable
-118.19,33.77,31,1711,691.0,1092,568,1.0714,150000,NEAR OCEAN,4,Long Beach,Affordable
-118.18,33.78,20,1852,556.0,1712,556,1.4565,152500,NEAR OCEAN,4,Long Beach,Affordable
-118.18,33.78,17,1419,436.0,1300,360,2.0769,100000,NEAR OCEAN,4,Long Beach,Affordable
-118.18,33.78,52,1180,381.0,1046,332,1.5603,162500,NEAR OCEAN,4,Long Beach,Affordable
-118.19,33.78,31,1648,484.0,898,457,1.5844,162500,NEAR OCEAN,4,Long Beach,Affordable
-118.19,33.78,8,992,393.0,694,331,2.5544,162500,NEAR OCEAN,4,Long Beach,Affordable
-118.19,33.78,29,1013,392.0,1083,316,1.8438,162500,NEAR OCEAN,4,Long Beach,Affordable
-118.19,33.78,42,1021,300.0,533,187,1.8036,175000,NEAR OCEAN,4,Long Beach,Affordable
-118.17,33.78,29,2920,962.0,3580,772,1.7393,140200,NEAR OCEAN,4,Long Beach,Affordable
-118.17,33.78,23,3768,1261.0,3940,1098,1.9647,186200,NEAR OCEAN,4,Long Beach,Affordable
-118.18,33.78,26,3042,1253.0,4812,1141,1.7701,146200,NEAR OCEAN,4,Long Beach,Affordable
-118.17,33.78,44,2364,746.0,3184,672,1.918,147500,NEAR OCEAN,4,Long Beach,Affordable
-118.17,33.77,36,2933,881.0,2077,838,2.2538,181300,NEAR OCEAN,4,Long Beach,Affordable
-118.17,33.77,45,2508,797.0,1340,720,2.6786,191100,NEAR OCEAN,4,Long Beach,Affordable
-118.17,33.77,38,2239,721.0,984,684,2.346,165600,NEAR OCEAN,4,Long Beach,Affordable
-118.17,33.77,39,2953,878.0,1379,785,2.1378,180400,NEAR OCEAN,4,Long Beach,Affordable
-118.17,33.77,12,4409,1401.0,3068,1262,2.2808,154700,NEAR OCEAN,4,Long Beach,Affordable
-118.18,33.77,29,1776,606.0,1391,488,1.1295,137500,NEAR OCEAN,4,Long Beach,Affordable
-118.18,33.77,30,1418,439.0,720,417,2.6371,159400,NEAR OCEAN,4,Long Beach,Affordable
-118.17,33.77,37,1127,327.0,492,331,2.675,241700,NEAR OCEAN,4,Long Beach,Affordable
-118.18,33.74,30,5915,1750.0,2136,1503,4.0968,310000,NEAR OCEAN,4,Long Beach,Affordable
-118.17,33.77,45,2151,643.0,1047,579,3.1149,218800,NEAR OCEAN,4,Long Beach,Affordable
-118.17,33.77,45,2143,697.0,1004,594,3.0153,220000,NEAR OCEAN,4,Long Beach,Affordable
-118.18,33.77,37,2653,754.0,1087,698,2.3523,325000,NEAR OCEAN,4,Long Beach,Affordable
-118.18,33.77,41,2048,601.0,852,533,2.5726,193800,NEAR OCEAN,4,Long Beach,Affordable
-118.18,33.77,49,2297,759.0,1105,629,1.8388,175000,NEAR OCEAN,4,Long Beach,Affordable
-118.16,33.77,49,3382,787.0,1314,756,3.8125,382100,NEAR OCEAN,4,Long Beach,Affordable
-118.17,33.74,36,2006,453.0,807,426,3.7838,500001,NEAR OCEAN,4,Long Beach,Affordable
-118.16,33.77,30,4439,1105.0,1749,1011,3.8984,306300,NEAR OCEAN,4,Long Beach,Affordable
-118.15,33.77,39,2428,634.0,1312,612,2.7212,266300,NEAR OCEAN,4,Long Beach,Affordable
-118.16,33.77,30,2800,757.0,1292,742,2.7614,272200,NEAR OCEAN,4,Long Beach,Affordable
-118.16,33.77,38,3235,769.0,1284,752,2.9384,304100,NEAR OCEAN,4,Long Beach,Affordable
-118.16,33.77,29,3078,786.0,1460,736,2.875,232500,NEAR OCEAN,4,Long Beach,Affordable
-118.17,33.77,25,4405,1262.0,2178,1090,3.0503,225000,NEAR OCEAN,4,Long Beach,Affordable
-118.16,33.78,15,4798,1374.0,3087,1212,2.127,163300,NEAR OCEAN,4,Long Beach,Affordable
-118.16,33.78,39,4075,1085.0,2470,1025,2.3317,222500,NEAR OCEAN,4,Long Beach,Affordable
-118.16,33.78,52,3248,853.0,1819,815,3.1739,222900,NEAR OCEAN,4,Long Beach,Affordable
-118.16,33.78,29,3684,1301.0,3891,1143,1.6955,179700,NEAR OCEAN,4,Long Beach,Affordable
-118.15,33.78,13,3056,861.0,1600,824,3.3003,207800,NEAR OCEAN,4,Long Beach,Affordable
-118.15,33.78,12,4436,1133.0,2176,1002,3.5812,198600,NEAR OCEAN,4,Long Beach,Affordable
-118.15,33.78,35,2768,752.0,1277,651,3.6193,250000,NEAR OCEAN,4,Long Beach,Affordable
-118.14,33.78,42,1898,488.0,940,483,3.4107,233300,NEAR OCEAN,4,Long Beach,Affordable
-118.13,33.78,45,1016,172.0,361,163,7.5,434500,NEAR OCEAN,4,Long Beach,Affordable
-118.14,33.77,49,2792,690.0,1301,648,3.2917,307400,NEAR OCEAN,4,Long Beach,Affordable
-118.14,33.77,51,2812,621.0,1171,566,3.875,342900,NEAR OCEAN,4,Long Beach,Affordable
-118.15,33.77,52,2204,498.0,899,445,4.1765,393900,NEAR OCEAN,4,Long Beach,Affordable
-118.15,33.77,41,3448,896.0,1621,838,4.5,339800,NEAR OCEAN,4,Long Beach,Affordable
-118.15,33.77,27,3043,787.0,1398,747,3.5528,271100,NEAR OCEAN,4,Long Beach,Affordable
-118.14,33.76,37,3242,698.0,1080,629,3.901,432500,NEAR OCEAN,4,Long Beach,Affordable
-118.15,33.76,36,2916,785.0,1183,749,3.5985,500001,NEAR OCEAN,4,Long Beach,Affordable
-118.15,33.77,36,4366,1211.0,1912,1172,3.5292,361800,NEAR OCEAN,4,Long Beach,Affordable
-118.13,33.76,52,2216,526.0,940,530,4.5469,381000,NEAR OCEAN,4,Long Beach,Affordable
-118.13,33.76,44,1543,463.0,652,406,4.25,439300,NEAR OCEAN,4,Long Beach,Affordable
-118.14,33.75,39,1995,634.0,867,567,4.079500000000001,400000,NEAR OCEAN,4,Long Beach,Affordable
-118.14,33.76,52,2677,642.0,1144,624,4.3889,378000,NEAR OCEAN,4,Long Beach,Affordable
-118.14,33.76,50,2960,761.0,1179,718,3.5214,398100,NEAR OCEAN,4,Long Beach,Affordable
-118.14,33.76,44,1633,536.0,741,513,3.385,408300,NEAR OCEAN,4,Long Beach,Affordable
-118.14,33.77,52,2208,409.0,791,408,5.8408,500000,NEAR OCEAN,4,Long Beach,Affordable
-118.14,33.76,50,914,167.0,322,165,4.7361,418800,NEAR OCEAN,4,Long Beach,Affordable
-118.13,33.76,46,2834,673.0,1175,670,4.7875,363800,NEAR OCEAN,4,Long Beach,Affordable
-118.13,33.76,44,2532,621.0,961,550,3.9352,406900,NEAR OCEAN,4,Long Beach,Affordable
-118.12,33.76,43,3070,668.0,1240,646,3.7813,461500,NEAR OCEAN,4,Long Beach,Affordable
-118.12,33.75,47,3330,569.0,1220,557,7.3672,500001,NEAR OCEAN,4,Long Beach,Affordable
-118.12,33.76,45,3035,516.0,1127,527,7.0796,500001,NEAR OCEAN,4,Long Beach,Affordable
-118.12,33.75,41,2072,491.0,742,414,3.9934,500001,NEAR OCEAN,4,Long Beach,Affordable
-118.1,33.76,15,4690,1002.0,1879,974,5.6051,267400,NEAR OCEAN,4,Long Beach,Affordable
-118.11,33.77,15,9103,1847.0,3333,1712,5.1508,367300,NEAR OCEAN,4,Long Beach,Affordable
-118.12,33.77,20,4534,954.0,1941,892,6.0362,463500,NEAR OCEAN,4,Long Beach,Affordable
-118.12,33.77,10,7264,1137.0,2528,1057,10.2233,500001,NEAR OCEAN,4,Long Beach,Affordable
-118.13,33.77,52,3697,691.0,1436,671,4.6852,395200,NEAR OCEAN,4,Long Beach,Affordable
-118.13,33.77,37,4365,926.0,1661,868,5.3046,360700,NEAR OCEAN,4,Long Beach,Affordable
-118.3,33.74,40,1896,416.0,950,383,2.425,255000,NEAR OCEAN,4,San Pedro,Affordable
-118.3,33.74,28,1065,215.0,887,217,3.9375,270500,NEAR OCEAN,4,San Pedro,Affordable
-118.34,33.76,34,5586,674.0,1871,636,15.0001,500001,NEAR OCEAN,4,San Pedro,Affordable
-118.35,33.74,25,8272,1132.0,3392,1132,10.0973,500001,NEAR OCEAN,4,San Pedro,Affordable
-118.31,33.77,20,5776,956.0,2757,936,6.6447,416800,<1H OCEAN,4,San Pedro,Affordable
-118.31,33.76,26,4486,709.0,1873,719,6.5704,414700,<1H OCEAN,4,San Pedro,Affordable
-118.31,33.75,36,2715,474.0,1303,457,4.6042,357300,NEAR OCEAN,4,San Pedro,Affordable
-118.31,33.75,34,2338,393.0,1031,373,6.287,396400,NEAR OCEAN,4,San Pedro,Affordable
-118.33,33.77,33,4244,595.0,1534,557,9.8214,500001,NEAR OCEAN,4,San Pedro,Affordable
-118.32,33.75,33,2996,398.0,1048,387,9.267,500001,NEAR OCEAN,4,San Pedro,Affordable
-118.32,33.75,37,1080,135.0,366,142,11.6677,500001,NEAR OCEAN,4,San Pedro,Affordable
-118.32,33.74,24,6097,794.0,2248,806,10.1357,500001,NEAR OCEAN,4,San Pedro,Affordable
-118.32,33.77,37,627,95.0,259,106,6.887,500001,<1H OCEAN,4,San Pedro,Affordable
-118.4,34.06,37,3781,873.0,1725,838,4.1455,500001,<1H OCEAN,4,Santa Monica,Ultra-High
-118.4,34.06,47,3652,967.0,1438,887,3.6964,500001,<1H OCEAN,4,Santa Monica,Ultra-High
-118.4,34.06,52,1871,326.0,646,284,8.2961,500001,<1H OCEAN,4,Santa Monica,Ultra-High
-118.4,34.06,52,2501,362.0,748,349,6.6343,500001,<1H OCEAN,4,Santa Monica,Ultra-High
-118.41,34.06,43,2665,556.0,1015,506,4.1411,500001,<1H OCEAN,4,Santa Monica,Ultra-High
-118.41,34.06,43,4994,1057.0,1830,969,5.5321,500001,<1H OCEAN,4,Santa Monica,Ultra-High
-118.45,34.06,52,204,34.0,1154,28,9.337,500001,<1H OCEAN,4,Santa Monica,Ultra-High
-118.49,34.05,52,2416,291.0,810,270,13.8556,500001,<1H OCEAN,4,Santa Monica,Ultra-High
-118.49,34.04,50,2597,340.0,964,339,13.3036,500001,<1H OCEAN,4,Santa Monica,Ultra-High
-118.49,34.04,48,2381,345.0,859,306,8.025700000000002,500001,<1H OCEAN,4,Santa Monica,Ultra-High
-118.5,34.04,52,3000,374.0,1143,375,15.0001,500001,<1H OCEAN,4,Santa Monica,Ultra-High
-118.5,34.04,52,2233,317.0,769,277,8.383900000000002,500001,<1H OCEAN,4,Santa Monica,Ultra-High
-118.49,34.04,31,4066,951.0,1532,868,4.8125,500001,<1H OCEAN,4,Santa Monica,Ultra-High
-118.49,34.03,30,4061,927.0,1487,865,4.1827,435100,<1H OCEAN,4,Santa Monica,Ultra-High
-118.51,34.04,40,1382,167.0,483,178,11.7045,500001,<1H OCEAN,4,Santa Monica,Ultra-High
-118.5,34.03,52,1506,208.0,547,186,7.8705,500001,<1H OCEAN,4,Santa Monica,Ultra-High
-118.5,34.03,52,1711,245.0,671,242,7.7572,500001,<1H OCEAN,4,Santa Monica,Ultra-High
-118.5,34.03,44,2146,394.0,851,355,6.48,500001,<1H OCEAN,4,Santa Monica,Ultra-High
-118.51,34.03,37,4072,905.0,1468,923,3.8571,500001,<1H OCEAN,4,Santa Monica,Ultra-High
-118.52,34.02,24,7418,1755.0,2713,1577,5.0867,500001,<1H OCEAN,4,Santa Monica,Ultra-High
-118.49,34.03,31,4949,1293.0,1985,1244,4.252,436700,<1H OCEAN,4,Santa Monica,Ultra-High
-118.5,34.03,32,6365,1784.0,2767,1698,3.6451,383300,<1H OCEAN,4,Santa Monica,Ultra-High
-118.5,34.02,28,5109,1482.0,2313,1451,3.3266,483300,<1H OCEAN,4,Santa Monica,Ultra-High
-118.5,34.02,24,2924,1013.0,1492,943,2.775,291700,<1H OCEAN,4,Santa Monica,Ultra-High
-118.5,34.02,35,2914,934.0,1334,870,2.9934,350000,<1H OCEAN,4,Santa Monica,Ultra-High
-118.52,34.01,25,2757,738.0,1014,633,3.1433,500001,<1H OCEAN,4,Santa Monica,Ultra-High
-118.49,34.03,32,3851,900.0,1456,836,4.5208,442100,<1H OCEAN,4,Santa Monica,Ultra-High
-118.49,34.03,31,3155,808.0,1208,745,3.6769,450000,<1H OCEAN,4,Santa Monica,Ultra-High
-118.49,34.02,27,4725,1185.0,1945,1177,4.1365,470800,<1H OCEAN,4,Santa Monica,Ultra-High
-118.48,34.03,32,1793,476.0,1143,448,2.8981,353600,<1H OCEAN,4,Santa Monica,Ultra-High
-118.49,34.02,28,2545,752.0,1548,679,2.9125,475000,<1H OCEAN,4,Santa Monica,Ultra-High
-118.49,34.02,29,2709,799.0,1238,793,3.1563,330000,<1H OCEAN,4,Santa Monica,Ultra-High
-118.48,34.04,47,1956,277.0,724,277,8.961600000000002,500001,<1H OCEAN,4,Santa Monica,Ultra-High
-118.48,34.04,49,3780,741.0,1435,690,4.315800000000001,500001,<1H OCEAN,4,Santa Monica,Ultra-High
-118.48,34.04,40,1395,285.0,610,262,3.9659,500001,<1H OCEAN,4,Santa Monica,Ultra-High
-118.48,34.04,36,2539,535.0,979,500,3.6667,500001,<1H OCEAN,4,Santa Monica,Ultra-High
-118.47,34.04,32,2909,748.0,1310,706,4.516,350000,<1H OCEAN,4,Santa Monica,Ultra-High
-118.47,34.03,32,3024,784.0,1323,740,3.3889,347900,<1H OCEAN,4,Santa Monica,Ultra-High
-118.48,34.03,39,1530,401.0,1074,375,3.5076,381800,<1H OCEAN,4,Santa Monica,Ultra-High
-118.47,34.03,29,3287,882.0,1523,823,3.7381,290600,<1H OCEAN,4,Santa Monica,Ultra-High
-118.47,34.03,31,2642,681.0,1303,625,3.5987,340500,<1H OCEAN,4,Santa Monica,Ultra-High
-118.48,34.03,19,902,284.0,414,272,1.3333,310000,<1H OCEAN,4,Santa Monica,Ultra-High
-118.48,34.02,22,1249,483.0,1106,481,2.5261,375000,<1H OCEAN,4,Santa Monica,Ultra-High
-118.48,34.02,29,1585,542.0,1019,487,2.7072,375000,<1H OCEAN,4,Santa Monica,Ultra-High
-118.49,34.02,30,2075,687.0,1026,592,3.1635,366700,<1H OCEAN,4,Santa Monica,Ultra-High
-118.46,34.03,27,1965,631.0,1042,596,2.75,327300,<1H OCEAN,4,Santa Monica,Ultra-High
-118.46,34.03,39,1244,283.0,886,284,3.125,325000,<1H OCEAN,4,Santa Monica,Ultra-High
-118.46,34.03,52,523,,317,130,2.2794,337500,<1H OCEAN,4,Santa Monica,Ultra-High
-118.46,34.02,29,2329,833.0,1953,800,2.6639,233300,<1H OCEAN,4,Santa Monica,Ultra-High
-118.47,34.02,38,2163,651.0,1759,584,2.3382,297500,<1H OCEAN,4,Santa Monica,Ultra-High
-118.48,34.02,11,72,16.0,150,20,2.625,250000,<1H OCEAN,4,Santa Monica,Ultra-High
-118.47,34.02,35,3057,774.0,2223,732,2.0745,332500,<1H OCEAN,4,Santa Monica,Ultra-High
-118.48,34.02,30,2027,609.0,1425,562,2.2917,330800,<1H OCEAN,4,Santa Monica,Ultra-High
-118.48,34.02,25,1583,460.0,983,422,2.7019,293800,<1H OCEAN,4,Santa Monica,Ultra-High
-118.49,34.02,28,1394,582.0,716,543,1.5132,450000,<1H OCEAN,4,Santa Monica,Ultra-High
-118.49,34.01,28,651,252.0,333,174,1.9722,500001,<1H OCEAN,4,Santa Monica,Ultra-High
-118.51,34.0,52,1241,502.0,679,459,2.3098,500001,<1H OCEAN,4,Santa Monica,Ultra-High
-118.48,34.01,31,2851,804.0,1410,782,4.0893,381500,<1H OCEAN,4,Santa Monica,Ultra-High
-118.48,34.0,41,2584,743.0,1058,668,3.2061,370000,<1H OCEAN,4,Santa Monica,Ultra-High
-118.48,34.01,30,3078,954.0,1561,901,3.4852,425000,<1H OCEAN,4,Santa Monica,Ultra-High
-118.49,34.0,32,3407,1071.0,1463,986,3.0369,500001,<1H OCEAN,4,Santa Monica,Ultra-High
-118.48,34.01,31,1829,458.0,719,392,4.400000000000001,353800,<1H OCEAN,4,Santa Monica,Ultra-High
-118.47,34.0,28,1259,302.0,668,280,4.2813,384400,<1H OCEAN,4,Santa Monica,Ultra-High
-118.47,34.0,42,1271,301.0,574,312,3.1304,340500,<1H OCEAN,4,Santa Monica,Ultra-High
-118.48,34.0,25,4149,1067.0,1749,1000,3.9722,450000,<1H OCEAN,4,Santa Monica,Ultra-High
-118.48,34.0,29,1727,479.0,741,431,3.6121,500000,<1H OCEAN,4,Santa Monica,Ultra-High
-118.48,34.0,52,1359,395.0,521,368,2.6736,500001,<1H OCEAN,4,Santa Monica,Ultra-High
-118.5,33.99,22,3484,975.0,1268,952,3.2609,500001,<1H OCEAN,4,Santa Monica,Ultra-High
-118.47,34.02,41,2136,549.0,986,557,2.7254,444400,<1H OCEAN,4,Santa Monica,Ultra-High
-118.47,34.01,44,2175,475.0,1019,448,4.793,470800,<1H OCEAN,4,Santa Monica,Ultra-High
-118.47,34.01,41,2704,557.0,1047,478,4.4211,462900,<1H OCEAN,4,Santa Monica,Ultra-High
-118.48,34.01,40,2198,611.0,1023,567,3.755,398300,<1H OCEAN,4,Santa Monica,Ultra-High
-118.47,34.01,41,752,201.0,482,207,2.5417,418200,<1H OCEAN,4,Santa Monica,Ultra-High
-118.46,34.01,48,1640,322.0,664,301,4.0,500001,<1H OCEAN,4,Santa Monica,Ultra-High
-118.46,34.01,46,1379,239.0,688,269,6.8901,500001,<1H OCEAN,4,Santa Monica,Ultra-High
-118.47,34.01,44,2017,343.0,958,382,6.1014,480100,<1H OCEAN,4,Santa Monica,Ultra-High
-118.47,34.01,43,1160,304.0,393,250,2.9167,461100,<1H OCEAN,4,Santa Monica,Ultra-High
-118.47,34.01,27,1782,471.0,837,422,3.7727,413000,<1H OCEAN,4,Santa Monica,Ultra-High
-118.45,34.02,41,2956,700.0,1212,645,3.4583,421900,<1H OCEAN,4,Santa Monica,Ultra-High
-118.45,34.02,45,1230,201.0,565,219,6.3521,493400,<1H OCEAN,4,Santa Monica,Ultra-High
-118.46,34.02,45,3803,970.0,1690,871,3.0476,456200,<1H OCEAN,4,Santa Monica,Ultra-High
-118.46,34.02,46,2571,502.0,1225,501,6.0436,473000,<1H OCEAN,4,Santa Monica,Ultra-High
-118.46,34.02,39,3599,776.0,1569,763,5.2571,405400,<1H OCEAN,4,Santa Monica,Ultra-High
-118.4,34.01,44,1494,262.0,618,266,5.4035,356300,<1H OCEAN,4,Santa Monica,Ultra-High
-118.4,34.02,40,593,137.0,371,132,4.6932,332800,<1H OCEAN,4,Santa Monica,Ultra-High
-118.4,34.0,34,1816,335.0,872,339,4.85,329400,<1H OCEAN,4,Santa Monica,Ultra-High
-118.4,34.0,37,1534,258.0,751,259,5.444,336000,<1H OCEAN,4,Santa Monica,Ultra-High
-118.4,33.99,36,1280,240.0,704,217,5.9632,328100,<1H OCEAN,4,Santa Monica,Ultra-High
-118.4,33.99,36,1225,213.0,591,227,5.4663,326700,<1H OCEAN,4,Santa Monica,Ultra-High
-118.4,34.0,44,2122,385.0,1012,367,4.6687,344300,<1H OCEAN,4,Santa Monica,Ultra-High
-118.4,34.01,48,1427,253.0,693,268,5.7405,351600,<1H OCEAN,4,Santa Monica,Ultra-High
-118.41,34.01,44,2010,394.0,961,365,4.5982,333500,<1H OCEAN,4,Santa Monica,Ultra-High
-118.41,34.0,37,1426,259.0,689,261,5.5284,331000,<1H OCEAN,4,Santa Monica,Ultra-High
-118.41,34.01,26,2503,449.0,1218,426,5.3683,500001,<1H OCEAN,4,Santa Monica,Ultra-High
-118.41,34.01,43,2000,529.0,1290,514,4.7031,302500,<1H OCEAN,4,Santa Monica,Ultra-High
-118.41,34.01,33,3306,974.0,2475,924,2.8797,285300,<1H OCEAN,4,Santa Monica,Ultra-High
-118.42,34.01,42,1700,438.0,997,436,2.9213,305000,<1H OCEAN,4,Santa Monica,Ultra-High
-118.41,34.0,38,324,70.0,268,73,2.55,271400,<1H OCEAN,4,Santa Monica,Ultra-High
-118.42,34.0,45,1807,355.0,883,371,5.0357,329800,<1H OCEAN,4,Santa Monica,Ultra-High
-118.41,34.0,46,105,20.0,69,19,3.9643,275000,<1H OCEAN,4,Santa Monica,Ultra-High
-118.42,34.0,33,1139,299.0,734,257,3.2708,325000,<1H OCEAN,4,Santa Monica,Ultra-High
-118.43,34.0,37,1340,358.0,1008,340,3.7614,314300,<1H OCEAN,4,Santa Monica,Ultra-High
-118.43,33.99,45,2092,451.0,1190,429,3.8021,323000,<1H OCEAN,4,Santa Monica,Ultra-High
-118.44,33.99,44,305,72.0,156,70,5.9641,275000,<1H OCEAN,4,Santa Monica,Ultra-High
-118.44,33.98,21,18132,5419.0,7431,4930,5.3359,500001,<1H OCEAN,4,Santa Monica,Ultra-High
-118.6,34.09,43,2228,438.0,960,395,7.6091,438500,<1H OCEAN,4,Malibu,Ultra-High
-118.6,34.08,40,866,181.0,399,176,6.91,380000,<1H OCEAN,4,Malibu,Ultra-High
-118.6,34.07,16,319,59.0,149,64,4.625,433300,<1H OCEAN,4,Malibu,Ultra-High
-118.69,34.08,23,204,40.0,117,41,9.7646,500001,NEAR OCEAN,4,Malibu,Ultra-High
-118.66,34.1,12,2560,365.0,907,366,10.076,500001,NEAR OCEAN,4,Malibu,Ultra-High
-118.68,34.08,18,102,17.0,55,21,3.9934,500001,NEAR OCEAN,4,Malibu,Ultra-High
-118.75,34.1,34,2255,402.0,857,317,4.5333,377300,NEAR OCEAN,4,Malibu,Ultra-High
-118.74,34.05,19,3487,686.0,2782,584,7.9184,500001,NEAR OCEAN,4,Malibu,Ultra-High
-118.86,34.07,16,1409,244.0,970,172,8.0144,500001,NEAR OCEAN,4,Malibu,Ultra-High
-118.88,34.02,19,15990,2611.0,5175,2173,7.7848,500001,NEAR OCEAN,4,Malibu,Ultra-High
-118.85,34.04,21,3837,578.0,1509,509,8.4476,500001,NEAR OCEAN,4,Malibu,Ultra-High
-118.78,34.05,28,1343,215.0,487,199,6.83,500001,NEAR OCEAN,4,Malibu,Ultra-High
-118.6,34.02,36,2043,467.0,606,326,8.4331,500001,NEAR OCEAN,4,Malibu,Ultra-High
-118.62,34.06,25,3546,584.0,1530,601,7.4001,500001,NEAR OCEAN,4,Malibu,Ultra-High
-118.66,34.02,23,8798,1465.0,2750,1208,8.7364,500001,NEAR OCEAN,4,Malibu,Ultra-High
-118.09,33.75,32,6239,974.0,2615,950,6.6188,380000,NEAR OCEAN,4,Long Beach,Affordable
-118.1,33.74,37,997,262.0,531,282,4.7773,400000,NEAR OCEAN,4,Long Beach,Affordable
-118.11,33.75,15,2569,812.0,785,477,5.4011,346400,NEAR OCEAN,4,Long Beach,Affordable
-118.11,33.74,43,1222,303.0,565,309,4.8482,500001,NEAR OCEAN,4,Long Beach,Affordable
-118.09,33.74,44,1671,390.0,871,367,4.6369,422200,NEAR OCEAN,4,Long Beach,Affordable
-118.11,33.75,24,1608,314.0,592,314,5.0926,390500,NEAR OCEAN,4,Long Beach,Affordable
-118.1,33.74,33,2119,524.0,872,465,4.537,495500,NEAR OCEAN,4,Long Beach,Affordable
-118.1,33.74,31,1310,342.0,563,310,4.6528,457100,NEAR OCEAN,4,Long Beach,Affordable
-118.1,33.74,32,2035,,934,512,4.2287,500001,NEAR OCEAN,4,Long Beach,Affordable
-118.09,33.77,26,1388,409.0,515,392,1.8015,62000,<1H OCEAN,4,Long Beach,Affordable
-118.08,33.77,26,2461,562.0,971,544,2.1944,87500,<1H OCEAN,4,Long Beach,Affordable
-118.08,33.77,26,2013,551.0,664,510,2.2708,67500,<1H OCEAN,4,Long Beach,Affordable
-118.08,33.77,26,3083,806.0,960,723,1.9074,68500,<1H OCEAN,4,Long Beach,Affordable
-118.08,33.76,25,1995,637.0,743,597,1.4617,46900,<1H OCEAN,4,Long Beach,Affordable
-118.09,33.76,26,1625,440.0,533,414,1.808,58500,<1H OCEAN,4,Long Beach,Affordable
-118.09,33.77,26,5359,1508.0,1829,1393,1.7675,61300,<1H OCEAN,4,Long Beach,Affordable
-118.08,33.76,26,1967,577.0,692,538,1.6111,54300,<1H OCEAN,4,Long Beach,Affordable
-118.08,33.76,26,996,364.0,366,313,1.2813,46700,<1H OCEAN,4,Long Beach,Affordable
-118.08,33.76,27,529,159.0,193,155,2.0952,71300,<1H OCEAN,4,Long Beach,Affordable
-118.09,33.77,27,2301,640.0,847,627,1.7208,67500,<1H OCEAN,4,Long Beach,Affordable
-118.08,33.8,29,3675,613.0,1457,591,6.0553,369400,<1H OCEAN,4,Long Beach,Affordable
-118.07,33.8,34,3486,507.0,1311,503,7.1221,384500,<1H OCEAN,4,Long Beach,Affordable
-118.08,33.79,34,2840,395.0,1127,396,7.6144,376200,<1H OCEAN,4,Long Beach,Affordable
-118.09,33.78,26,2146,298.0,852,296,6.6137,342700,<1H OCEAN,4,Long Beach,Affordable
-118.07,33.79,34,2473,383.0,967,353,5.8283,362400,<1H OCEAN,4,Long Beach,Affordable
-118.09,33.79,31,4231,617.0,1694,623,6.6312,360100,<1H OCEAN,4,Long Beach,Affordable
-118.08,33.78,34,2287,347.0,1051,346,5.5767,372000,<1H OCEAN,4,Long Beach,Affordable
-118.08,33.78,30,2879,403.0,1109,414,6.9324,364700,<1H OCEAN,4,Long Beach,Affordable
-118.08,33.78,25,5321,967.0,1969,903,5.0102,340100,<1H OCEAN,4,Long Beach,Affordable
-118.05,33.78,18,3414,434.0,1272,454,8.7015,390900,<1H OCEAN,4,Long Beach,Affordable
-118.05,33.78,25,3112,435.0,1098,401,6.0,353500,<1H OCEAN,4,Long Beach,Affordable
-118.05,33.78,25,2356,330.0,937,326,6.6264,359100,<1H OCEAN,4,Long Beach,Affordable
-118.06,33.78,22,4048,562.0,1637,541,7.3463,355600,<1H OCEAN,4,Long Beach,Affordable
-118.06,33.8,21,2196,504.0,1215,477,4.8,196900,<1H OCEAN,4,Long Beach,Affordable
-118.07,33.79,26,4422,624.0,1936,625,6.4288,320700,<1H OCEAN,4,Long Beach,Affordable
-118.06,33.8,22,1892,442.0,1015,404,4.1379,212500,<1H OCEAN,4,Long Beach,Affordable
-118.06,33.8,20,1379,333.0,937,304,3.6217,195300,<1H OCEAN,4,Long Beach,Affordable
-118.07,33.8,17,2439,554.0,1161,532,3.6442,193100,<1H OCEAN,4,Long Beach,Affordable
-118.05,33.79,19,1863,355.0,1260,317,3.2465,277400,<1H OCEAN,4,Long Beach,Affordable
-118.05,33.84,21,4890,653.0,2295,654,6.983,329700,<1H OCEAN,4,Long Beach,Affordable
-118.05,33.82,25,1548,279.0,732,265,5.123,159600,<1H OCEAN,4,Long Beach,Affordable
-118.06,33.82,25,2637,462.0,965,415,4.5833,190900,<1H OCEAN,4,Long Beach,Affordable
-118.06,33.81,25,3497,513.0,1839,544,5.4216,263000,<1H OCEAN,4,Long Beach,Affordable
-118.07,33.81,22,2711,352.0,1305,368,8.5407,398800,<1H OCEAN,4,Long Beach,Affordable
-118.07,33.8,22,1391,338.0,810,295,3.8792,218200,<1H OCEAN,4,Long Beach,Affordable
-118.08,33.81,21,1189,281.0,577,264,3.3155,237500,<1H OCEAN,4,Long Beach,Affordable
-118.06,33.83,22,5290,1054.0,2812,1021,4.53,226400,<1H OCEAN,4,Long Beach,Affordable
-118.05,33.83,24,4316,678.0,2286,665,5.7018,286700,<1H OCEAN,4,Long Beach,Affordable
-118.06,33.83,21,3941,655.0,1897,670,4.88,343900,<1H OCEAN,4,Long Beach,Affordable
-118.05,33.82,21,2997,372.0,1323,372,8.6123,386700,<1H OCEAN,4,Long Beach,Affordable
-118.06,33.83,17,1973,516.0,1112,501,3.8512,163800,<1H OCEAN,4,Long Beach,Affordable
-118.06,33.82,24,3983,675.0,1568,638,4.6458,213400,<1H OCEAN,4,Long Beach,Affordable
-118.05,33.81,26,2523,437.0,1377,450,5.2542,234600,<1H OCEAN,4,Long Beach,Affordable
-118.05,33.85,25,2856,388.0,1212,362,6.1737,313100,<1H OCEAN,4,Long Beach,Affordable
-119.0,34.08,17,1822,438.0,578,291,5.4346,428600,NEAR OCEAN,4,Malibu,Ultra-High
