분야 및 연도,1990,1991,1992,1993,1994,1995,1996,1997,1998,1999,2000,2001,2002,2003,2004,2005,2006,2007,2008,2009,2010,2011,2012,2013,2014,2015,2016,2017,2018,2019
총배출량(Gg CO2eq),292097.8,315341.5,343337.6,378532.9,403541.2,433757.3,470241.2,501875.2,431387.6,469368.6,502681.5,515955,538405.9,548761.8,557011.8,561472.1,566997.8,580340.8,593991.2,598001.3,656048.8,684703.4,688035.3,697308.8,692100.7,692576,693612.5,710743.4,727045.2,701370.4
순배출량,254424.5,281879.1,310662.4,347664.4,370444.7,402460,435519.1,462376,383326.7,413819.4,443704.4,457546,482275,493177.5,500145.3,506510.3,510828.9,523528,536386.1,540874,601295,631443.4,639994.1,653919.2,647718.7,647012.4,647071.3,668186,684959,661820.1
에너지,240294.5,258113.2,278995.6,308499.8,327799.7,352000.7,385582.1,411617.6,351493.3,382112.8,411584.7,425928.7,445254.6,452962.6,460070.5,469372.5,474784.8,492405,506555,513041.7,565692.1,594655.1,596004.2,604525,596943.4,600256.4,602213.7,615604.6,632571.9,611499.1
A 연료연소,235182.2,253554.5,275205.9,305340.3,325066.6,349613.2,383185.8,409141.4,349141.9,379577.1,408915.3,423225.1,442541.4,450177.7,457010.2,466261.4,471614.5,489010.9,503103.2,509794.8,561911.8,590614.5,591653.6,600054.7,592851.5,596492.3,598317,611628.1,628144.7,607301.6
A 연료연소_1 에너지산업,48351.2,54790.1,62374.9,68765.1,83606.2,91684.7,108977.8,122325.2,106295.2,116150.2,136124.2,147477,155764.3,159992.5,172849.3,179003.7,185847.1,197249.6,210717.6,229409,254797.3,262387.6,266405.6,272977.1,258467.4,260499.4,262104.3,269764.3,286398.7,266224.6
A 연료연소_1 에너지산업_a 공공전기 및 열 생산,36575.3,42684.3,50112,56338.8,71011.1,78688,95316.8,107294.3,91114,100604.5,120214.7,131396.3,140828.4,144871.9,156494.4,162906.2,170054,181313.1,192998.1,212377.7,239287.6,246092.6,249479.1,256140.3,241712.3,242127.8,242482.4,251381.5,268355.6,248745.8
A 연료연소_1 에너지산업_b 석유정제,11313.3,11603.5,11668.1,11884.4,11953.5,12366.6,12838.5,13283,13243.5,13678.7,13791,13723.6,13504.4,13278.4,13348.2,13583.9,13738.1,13963.4,15528.6,14626.3,13035.1,14056.1,14658.1,14592.3,14889.2,16573.3,17916,15847.6,15858.3,15364.5
A 연료연소_1 에너지산업_c 고체연료 제조 및 기타 에너지 산업,462.7,502.3,594.9,541.9,641.6,630,822.5,1747.9,1937.7,1867,2118.4,2357.1,1431.5,1842.2,3006.7,2513.7,2055,1973.2,2190.8,2404.9,2474.6,2239,2268.5,2244.4,1865.9,1798.3,1705.8,2535.2,2184.8,2114.3
A 연료연소_2 제조업 및 건설업,76558.1,88000.4,97959.1,108051.3,112797.2,115848.4,124012.9,129601.8,120270.8,125754.7,130644.9,131298.3,137369.8,139700.8,137412.4,137892,139452.3,144299.6,149316,138744.4,162915.1,184640.1,180535.6,182060.4,193762.6,188488.4,182570.9,187762.8,188056.2,187615.1
A 연료연소_2 제조업 및 건설업_a 철강,30929.1,35743.4,38901.2,43578.3,42776,44917.4,47438.8,47944.1,48259.6,50243.4,52156.4,51991.1,53997.2,54892.3,56180.3,57086.1,61859.7,63074.9,68743.4,60073.6,77756.3,90665.6,90217.1,90606.8,105262.7,102034.4,94503.2,100662.5,96498.6,96435.8
A 연료연소_2 제조업 및 건설업_b 비철금속,544.3,556.1,421.6,409.5,527.8,661.4,455.1,401.3,368.1,476.8,1176.9,1111,1149,1378.3,1364.4,1287.3,1295.4,1791.1,2013.1,2275.3,2344.3,2604.6,2361,2517.8,2416.3,2690.3,2674.1,2631.2,2988.8,2856.5
A 연료연소_2 제조업 및 건설업_c 화학,12289.7,14808.9,19817.1,21729.5,24106.9,23343.6,25204.5,28729.3,26116.6,25797.7,26748.7,27261.1,28722.8,29154.5,29110.3,30274.9,30971,31675.5,31130.6,32113.4,34936,39751,40124.4,42615.8,42602.3,37898.8,39167.3,40626.6,45952.8,46365.5
A 연료연소_2 제조업 및 건설업_d 펄프 제지 및 인쇄,2785.8,2842,3289.2,3587.8,4006.9,4102,4448.7,4465.4,3795.9,4168.9,3822.6,3515.9,3608.1,3553.4,3430.2,3123.7,2807.6,2543.4,2182.7,1970.7,1805.3,1505.7,1183.5,1071.4,772.3,566.8,646.3,645.4,662.2,695.9
A 연료연소_2 제조업 및 건설업_e 식음료품 가공 및 담배 제조,3255,3329.7,3643.2,3717.6,4026.6,4301.6,4343.5,3995.2,3399.2,3136.8,3151.2,2880.7,2971.5,2994.4,2950.1,2911.8,2636.8,2676.7,2333.9,2325.8,2399.8,2158.1,2082,1873.9,1842.2,1807.7,1850,1832.4,1955.1,1900.4
A 연료연소_2 제조업 및 건설업_f 기타,26754.3,30720.3,31886.8,35028.6,37353.1,38522.5,42122.3,44066.5,38331.4,41931.2,43589.2,44538.5,46921.3,47727.9,44377.1,43208.2,39881.8,42537.9,42912.3,39985.5,43673.4,47955,44567.8,43374.6,40866.8,43490.5,43730.1,41364.7,39998.7,39361.1
A 연료연소_2 제조업 및 건설업_f 기타_1 비금속,13785.3,16013.6,17548.6,20051.4,21704.2,21851.6,19042.3,20969.8,15976.3,16643.4,17199,17527.4,18078.4,18925.5,17213.8,16073.8,16194.8,15905.4,16028.2,13999.1,14500.9,15547,13932.3,13704.8,14030.3,13562.1,13515.6,11975.5,11065.5,12194
A 연료연소_2 제조업 및 건설업_f 기타_2 조립금속,2556.8,3150.1,3372.1,3851.1,3972.4,4305.4,4955.2,5784.4,5870.8,7006.8,6110.3,5619.2,5697.8,5092.1,4583.9,4032.8,3770.3,4072.5,4583.8,3963.9,4471.8,5206.9,5242.9,5209.4,5241.1,4628.1,4600.3,4460.2,4974.8,4937.9
A 연료연소_2 제조업 및 건설업_f 기타_3 나무 및 목재,218.6,351.9,234.9,229.7,337.1,267.7,286.6,285.6,206.1,254.6,255,235.9,251.4,216.4,265.9,170.7,148.3,184.2,179.2,223.8,213.6,181.2,162.8,185.3,191.3,141.6,75.1,74.5,122.8,68.9
A 연료연소_2 제조업 및 건설업_f 기타_4 건설,1580.7,1553.7,1349.6,1341.5,1243.6,1202.9,1195.3,1367.2,1015.2,1053.4,1389.2,1310.8,1554.4,1629.3,1754.3,1908.5,2620.3,2344.9,2284.7,2297,2483.2,2518.2,2215.1,2151.9,2302.4,2550.6,2626.6,2211.9,2170.5,2136.7
A 연료연소_2 제조업 및 건설업_f 기타_5 섬유 및 가죽,5113.2,4897.3,4698.5,4860,4985.3,5201.1,5078.3,5162.4,5701,6197.2,5898.6,5608.8,5485.7,4958.4,4600.7,3925,3128.9,2732.7,2514.2,2236.3,2300.7,2034.9,1565.3,1032.1,1034.2,1022.8,925.9,872.9,706,672.3
A 연료연소_2 제조업 및 건설업_f 기타_6 기타제조,3499.7,4753.7,4683,4695,5110.5,5693.9,11564.7,10497.2,9562,10775.9,12737.1,14236.5,15853.6,16906.2,15958.4,17097.4,14019.3,17298.2,17322.1,17265.5,19703.3,22466.7,21449.4,21091.1,18067.6,21585.3,21986.6,21769.8,20959.1,19351.3
A 연료연소_3 수송,35492.4,38594.8,43960.2,55552,57566.2,64726.8,68803.4,74193.1,57543.3,62564.2,69910.3,73063.9,78042,80843.7,81000.7,81814.3,82631,85026.5,82852.5,83723.4,85444.9,85115.7,86481,88405.3,88717,94191.8,98774.8,98329.9,98102.2,100988.9
A 연료연소_3 수송_a 민간항공,823.9,898.4,1048.8,1177.6,1207.4,1331.6,1382,1586.5,1350.9,1301.3,1410.4,1302.2,1343.7,1379.2,1141.5,1035.2,970.7,939.5,979.6,1079.4,1138.1,1203.4,1209,1307.3,1413.2,1456.3,1656.1,1647.4,1597,1642.4
A 연료연소_3 수송_b 도로수송,30901.9,35447.5,40527.1,48839.5,51423.4,58533.6,64138,68705.5,52611.7,57998.2,64489,67529.8,72468.6,75075.6,75798.5,76862,77906.2,80482.2,78246.6,79258.4,81102,80732.6,82217.3,84817.7,85446.9,90124.4,94628.5,94271.4,94711.4,97462.1
A 연료연소_3 수송_c 철도,876.5,891.8,907,978,928.2,938.1,927.3,923.5,909.4,946.3,969.6,979.3,979.1,1001.1,856.1,808.1,736.4,659.9,650,573,556.1,505.8,508.1,448.4,375.3,341.8,299,289.1,287.8,273.4
A 연료연소_3 수송_d 해운,2441.2,1034.5,1137.7,4317.6,3676.4,3631.7,1961.8,2582.7,2204.2,2058.6,2750.1,2497.9,2901.5,3020.7,2877.8,2775.3,2680.4,2585.9,2622.8,2425.9,2268.9,2262.8,2145.4,1408.8,1009.6,1639.7,1406.9,1338.7,1018.9,1214.6
A 연료연소_3 수송_e 기타수송,448.9,322.6,339.6,239.2,330.8,291.9,394.3,394.9,467.1,259.9,291.3,754.8,349.2,367.2,326.8,333.7,337.3,358.9,353.5,386.7,379.8,410.9,401.1,423.1,472.1,629.6,784.3,783.2,487.2,396.4
A 연료연소_4 기타,74599,67514.4,67970.9,69824.3,68259.4,74541.7,78323.6,80100.9,62380,72384.2,69834.7,68277.5,68536.1,66328.9,62607.6,64332.2,60842,59537.2,57623.8,55050,55815.7,55599.2,55311.5,53638.2,49050.1,50221,51800.4,52582.4,52472.5,49531.8
A 연료연소_4 기타_a 상업공공,20271.3,15607.6,17415.1,19673.1,20174.5,22403.2,22412.8,25000.4,19378.4,22552.9,17876.3,15750.9,15653.8,15781.1,13698.9,17466.1,17071.8,16667.3,16101.1,15124.4,15138.3,14618.9,15903,15167.4,14324.7,15493.5,15455.5,15404.6,15105.6,13906.1
A 연료연소_4 기타_b 가정,49481.4,46594,44529.3,43355.3,40304.9,43724.6,46464.7,44663.7,33772.3,39970.3,41627.5,41525.4,42078.7,41222.9,40429.6,38891.6,36265.1,35632.7,35442.7,33529.7,34033,34807.2,33282.9,32188.6,29913.6,30501.2,32337.3,33462.8,33832.6,31644
A 연료연소_4 기타_c 농업임업어업,4846.3,5312.9,6026.5,6795.9,7780,8413.9,9446.1,10436.9,9229.3,9861,10331,11001.3,10803.6,9324.9,8479.1,7974.6,7505.1,7237.3,6080.1,6395.9,6644.3,6173.1,6125.6,6282.2,4811.9,4226.3,4007.6,3714.9,3534.2,3981.6
A 연료연소_5 미분류,181.5,4654.8,2940.9,3147.6,2837.6,2811.6,3068.2,2920.5,2652.7,2723.8,2401.1,3108.4,2829.3,3311.8,3140.3,3219.2,2842,2898,2593.4,2868.1,2938.8,2872,2919.9,2973.8,2854.3,3091.7,3066.7,3188.8,3115.1,2941.3
B 탈루,5112.3,4558.7,3789.7,3159.6,2733.1,2387.5,2396.3,2476.1,2351.4,2535.7,2669.5,2703.6,2713.2,2784.9,3060.3,3111.1,3170.3,3394.1,3451.9,3246.9,3780.4,4040.6,4350.6,4470.3,4092,3764.2,3896.7,3976.5,4427.2,4197.5
B 탈루_1 고체연료,4832.8,4226.7,3359.7,2640.5,2076.6,1605.6,1389.7,1266.5,1224.1,1178.1,1164.9,1071.4,931.4,925.7,895.7,794.9,792.7,810.1,778.4,707.1,585,585,587.8,509.5,490.7,495.2,484.5,416.8,336.8,304.3
B 탈루_2 석유 및 천연가스,279.5,332,430,519.1,656.5,781.9,1006.6,1209.6,1127.3,1357.6,1504.6,1632.2,1781.9,1859.2,2164.6,2316.2,2377.6,2584,2673.5,2539.9,3195.4,3455.6,3762.8,3960.8,3601.3,3269,3412.2,3559.6,4090.4,3893.3
B 탈루_2 석유 및 천연가스_a 석유,55.7,73.8,92.4,100.1,102.8,113.9,130.8,158.2,149.2,158.4,161.7,155.9,143,143.8,149.8,153.9,160.2,171,168.6,163.1,170,180.4,184.3,177.4,179.7,198.8,209.3,217.2,215.9,207.5
B 탈루_2 석유 및 천연가스_b 천연가스,223.8,258.2,337.6,419,553.7,668,875.8,1051.4,978.1,1199.3,1342.8,1476.3,1638.9,1715.4,2014.8,2162.3,2217.4,2413,2504.9,2376.8,3025.4,3275.3,3578.5,3783.4,3421.6,3070.2,3202.9,3342.4,3874.5,3685.8
산업공정,20445.1,24351,29955.4,34422.5,38742.5,43147.2,44771,49643.9,40765.7,48423.8,50869.9,49389,53682.9,56488.9,58664.7,54562,54323.1,51060.7,50709.6,47777.9,52936.2,52908.4,54423.2,55062.4,57907.6,54497,53467.1,56453.4,55795.1,51994.1
A 광물산업,18822.7,22481.8,24880.5,28968.3,31134.9,32713.1,32975.9,34157.2,27454.1,28458.4,29664.4,30759.3,32243.8,33120.6,31761.6,29055.9,29000.7,32653.3,32596.9,30545.8,31591.1,33292.1,33569.6,33824,35083.8,35583.1,36527.1,36594.6,35015.5,35112.4
A 광물산업_1 시멘트생산,15873,18962.3,21128.9,24700.5,26840,28104.6,28308.5,29320.4,22879,23719.4,24755.9,25665.3,27107.1,27920.4,26123.6,23325.9,23139.7,26275.1,26079.8,24553.4,24297.4,24720.6,24848.6,25050.1,25412,25778.7,26671.8,26350.6,24702.1,24929.9
A 광물산업_2 석회생산,261,302.2,327,361.9,517.8,648.3,644.6,761.7,773.5,827.4,815.2,798.8,769.5,906.3,946,1048.6,1044,1035.8,1885.8,2648.3,3017.4,3364.3,3415.5,3290.3,3336.2,3466,4171.1,4216.3,4366.4,4398.9
A 광물산업_3 석회석 및 백운석 소비,2458.6,2989.6,3167,3654.9,3486.9,3657.4,3714.5,3771.3,3567,3633.5,3807.9,3994.6,4082.1,3992.6,4401,4411.5,4563.8,5105.4,4395.2,3150.4,4059.1,4968.8,5104,5279.1,6115.2,6110.4,5444.7,5797.4,5718.1,5577.6
A 광물산업_4 소다회 생산 및 소비,230,227.7,257.6,251,290.3,302.9,308.3,303.9,234.7,278.2,285.5,300.6,285.1,301.4,291.1,269.9,253.2,237,236.1,193.7,217.4,238.4,201.5,204.5,220.5,228,239.5,230.3,229,206
A 광물산업_5 아스팔트 루핑,,,,,,,,,,,,,,,,,,,,,,,,,,,,,,
A 광물산업_6 아스팔트 도로포장,,,,,,,,,,,,,,,,,,,,,,,,,,,,,,
B 화학산업,370.8,659.8,2767.1,2840.6,3105.3,3642.1,4130.7,4950.1,5615.1,6640.3,7541.3,7918.4,7740.6,11187.5,13439,11591.9,10842.5,1465.3,769.6,729.9,725.1,835.1,985.9,936.7,889.8,817.5,912.2,947.7,958.4,933.8
C 금속산업,95.4,77.9,84.8,107.5,120.9,137.8,145.7,166.6,137.1,141.6,147.7,143.6,153.4,157.2,169.4,194.2,143.1,180.2,219,155.3,259,268.1,327.2,386.8,435.2,223.8,270.1,269.6,248.6,189.5
C 금속산업_1 철강생산,70.8,77.9,84.8,107.5,120.9,137.8,145.7,166.6,137.1,141.6,147.7,143.6,153.4,157.2,169.4,194.2,143.1,180.2,219,155.3,177.8,178.5,181.4,177.7,171,137.8,150.8,158.9,158.8,165.4
C 금속산업_2 합금철 생산,,,,,,,,,,,,,,,,,,,,,,,,,,,,,,
C 금속산업_3 알루미늄 생산,24.6,,,,,,,,,,,,,,,,,,,,,,,,,,,,,
C 금속산업_4 마그네슘 생산의 SF6 소비,,,,,,,,,,,,,,,,,,,,,81.3,89.6,145.8,209.1,264.2,86,119.3,110.7,89.7,24.1
D 기타산업,,,,,,,,,,,,,,,,,,,,,,,,,,,,,,
E 할로카본 및 육불화황 생산,982.8,798.9,1871.1,2106,2267,2609.6,2859.5,3255.4,1943.1,3641.5,3236.2,556.9,1993.7,0.1,0,0.1,0.1,0.1,0.1,0.1,0.1,0.1,0.1,0,,,,,,
E 할로카본 및 육불화황 생산_1 부산물 배출,982.8,798.9,1871.1,2106,2267,2609.6,2859.5,3255.4,1943.1,3641.5,3236.2,556.9,1993.7,0.1,0,0.1,0.1,0.1,0.1,0.1,0.1,0.1,0.1,0,,,,,,
E 할로카본 및 육불화황 생산_2 탈루 배출,,,,,,,,,,,,,,,,,,,,,,,,,,,,,,
F 할로카본 및 육불화황 소비,173.4,332.6,351.9,400.1,2114.5,4044.6,4659.2,7114.6,5616.3,9542,10280.3,10010.8,11551.3,12023.6,13294.7,13720,14336.8,16761.7,17124,16346.8,20360.8,18513,19540.5,19914.8,21498.7,17872.6,15757.7,18641.5,19572.6,15758.4
F 할로카본 및 육불화황 소비_1 냉장 및 냉방,,,,,,,,,,,,,,,,,,,,,,,,,,,,,,
F 할로카본 및 육불화황 소비_2 발포제,,,,,,,,,,,,,,,,,,,,,,,,,,,,,,
F 할로카본 및 육불화황 소비_3 소화기,,,,,,,,,,,,,,,,,,,,,,,,,,,,,,
F 할로카본 및 육불화황 소비_4 에어로졸,,,,,,,,,,,,,,,,,,,,,,,,,,,,,,
F 할로카본 및 육불화황 소비_5 용매,,,,,,,,,,,,,,,,,,,,,,,,,,,,,,
F 할로카본 및 육불화황 소비_6 기타 용도의 ODS 대체물질 사용,,,,,,,,,,,,,,,,,,,,,,,,,,,,,,
F 할로카본 및 육불화황 소비_7 반도체 제조,,,,,,,,2028.8,1946.6,2520.2,2964.3,2729.5,2787.7,3303.4,4197.4,4697.1,5602.2,6559,6842.8,7312.1,8343.5,7996.9,8182.8,8826.3,9743.7,7285.5,4947.1,6236.2,7131,6200.8
F 할로카본 및 육불화황 소비_8 중전기기,173.4,332.6,345.4,387.3,543.5,1506.1,1152.2,1287.5,792.9,2695.7,2217.3,2070,2202.7,2392.8,2653.3,2540.2,2845,3084.3,3626.8,3398.4,4172.7,2857.6,2977.1,3322,3620.8,2857.3,3636.5,3068.2,3619.2,3232.7
F 할로카본 및 육불화황 소비_9 기타(잠재배출량),,,6.4,12.8,1570.9,2538.5,3506.9,3798.3,2876.7,4326.1,5098.7,5211.3,6560.9,6327.4,6444,6482.6,5889.6,7118.4,6654.5,5636.2,7844.6,7658.5,8380.6,7766.6,8134.3,7729.8,7174.2,9337.2,8822.5,6324.9
농업,20971.7,21238.4,21640.7,22108.4,22554.1,22820.7,23333.7,23341.8,23066.9,21941.9,21368.8,20868.3,20731.3,20474,20567.9,20738.7,20844.8,21070.5,21146,21654.6,22070.3,21120.6,21470.2,21347.7,21374.4,20984,20809.5,20958.2,21135.5,20964.7
A 장내발효,2960.2,3124.8,3361.7,3738.4,3967.9,4116.1,4425.5,4459.9,4292.2,3713.9,3376.9,3138.1,3102.2,3089.8,3210.3,3305,3465,3631.4,3818.3,3995,4262.3,4221.6,4390,4363.2,4492.7,4339.5,4318.1,4400.2,4471,4588.7
A 장내발효_1 소,2796.7,2940.4,3146.7,3500.9,3713.8,3843.9,4139.9,4162.5,3974.3,3399.5,3049.4,2801.2,2754.9,2732.3,2854.5,2949.8,3101.2,3263.5,3472.3,3651.7,3907.4,3938.5,4045.9,4002.5,4140.4,3979.9,3946,3997.5,4054.5,4163.8
A 장내발효_2 물소, NO , NO , NO , NO , NO , NO , NO , NO , NO , NO , NO , NO , NO , NO , NO , NO , NO , NO , NO , NO , NO , NO , NO , NO , NO , NO , NO , NO , NO , NO 
A 장내발효_3 양(면양),0.4,0.4,0.4,0.3,0.3,0.2,0.2,0.2,0.2,0.1,0.1,0.1,0.1,0.1,0.1,0.1,0.1,0.2,0.2,0.3,0.5,0.5,0.5,0.3,0.3,0.3,0.2,0.3,0.2,0.3
A 장내발효_4 양(산양),17.8,25,37.1,49.2,58.2,64.5,68.6,68.6,63.6,57.7,52.3,48.8,46.7,47.9,50.9,53.6,53.1,47.7,38.7,31.1,26.6,26,26.2,26.2,26.3,27.2,30.9,35.9,45,52.8
A 장내발효_5 낙타 및 라마, NO , NO , NO , NO , NO , NO , NO , NO , NO , NO , NO , NO , NO , NO , NO , NO , NO , NO , NO , NO , NO , NO , NO , NO , NO , NO , NO , NO , NO , NO 
A 장내발효_6 말,1.6,1.9,2,2,2,2.1,2.3,2.6,2.9,3.1,3.5,4,4.7,5.4,6.2,7,7.8,8.6,9.6,10.3,11,11.2,11.4,11.2,10.7,9.1,8.9,9.1,10.5,10.5
A 장내발효_7 노새 및 당나귀, NO , NO , NO , NO , NO , NO , NO , NO , NO , NO , NO , NO , NO , NO , NO , NO , NO , NO , NO , NO , NO , NO , NO , NO , NO , NO , NO , NO , NO , NO 
A 장내발효_8 돼지,139,151.5,169,178.6,185.3,196.1,204.1,214.2,238.1,239.4,256.7,268.4,279.7,288.2,283.3,280.2,289.7,299.8,287.5,292.8,309.3,238.8,300.3,318.1,310.5,319,328.4,354,357.8,358.4
A 장내발효_9 가금류, NE , NE , NE , NE , NE , NE , NE , NE , NE , NE , NE , NE , NE , NE , NE , NE , NE , NE , NE , NE , NE , NE , NE , NE , NE , NE , NE , NE , NE , NE 
A 장내발효_10 기타 가축(사슴),4.8,5.6,6.5,7.3,8.3,9.3,10.5,11.9,13.2,14.2,15,15.7,16.1,15.9,15.3,14.3,13.1,11.7,10,8.8,7.7,6.7,5.8,5,4.5,4,3.6,3.3,3.1,2.9
B 가축분뇨처리,2845.7,3060.7,3325.1,3637.7,3851.1,4053.4,4312.8,4387.2,4331.5,4006.5,3871.2,3775.4,3811.1,3809.7,3878.7,4029.4,4174.7,4315.1,4357.6,4552.6,4803,4521.8,4675.6,4739.3,4706.8,4591.8,4503.6,4662.3,4936.1,4897.5
B 가축분뇨처리_1 소,1820.2,1912.8,2045.6,2275.2,2413,2496.6,2687.5,2701.7,2580.8,2209.8,1984.5,1824.9,1795.1,1780.1,1857.7,1918.4,2015.3,2119.2,2253.3,2368.7,2533.1,2551.9,2615.5,2637.8,2699.6,2509.6,2403.7,2430.6,2516,2579.1
B 가축분뇨처리_2 물소, NO , NO , NO , NO , NO , NO , NO , NO , NO , NO , NO , NO , NO , NO , NO , NO , NO , NO , NO , NO , NO , NO , NO , NO , NO , NO , NO , NO , NO , NO 
B 가축분뇨처리_3 양(면양),0.4,0.4,0.4,0.4,0.3,0.2,0.2,0.2,0.2,0.2,0.1,0.1,0.1,0.1,0.1,0.1,0.1,0.2,0.2,0.3,0.5,0.5,0.5,0.3,0.3,0.3,0.3,0.3,0.3,0.3
B 가축분뇨처리_4 양(산양),66.3,93.5,138.4,183.6,217.2,240.7,256,256.1,237.5,215.3,195.1,182.3,174.3,178.7,190,200.2,198.1,178,144.5,116.1,99.3,96.9,97.8,97.7,98.1,101.6,115.5,134.1,167.9,197.1
B 가축분뇨처리_5 낙타 및 라마, NO , NO , NO , NO , NO , NO , NO , NO , NO , NO , NO , NO , NO , NO , NO , NO , NO , NO , NO , NO , NO , NO , NO , NO , NO , NO , NO , NO , NO , NO 
B 가축분뇨처리_6 말,1.8,2.1,2.2,2.2,2.2,2.3,2.6,2.8,3.1,3.4,3.8,4.3,5.1,5.9,6.8,7.6,8.5,9.4,10.4,11.2,12,12.3,12.4,12.3,11.7,9.9,9.7,10,11.5,11.5
B 가축분뇨처리_7 노새 및 당나귀, NO , NO , NO , NO , NO , NO , NO , NO , NO , NO , NO , NO , NO , NO , NO , NO , NO , NO , NO , NO , NO , NO , NO , NO , NO , NO , NO , NO , NO , NO 
B 가축분뇨처리_8 돼지,590.2,643.4,717.8,758.5,787.1,832.8,866.7,909.5,1011,1016.6,1090.2,1139.7,1187.8,1223.8,1203.1,1189.9,1230.4,1273.2,1220.8,1243.6,1313.5,1014,1175.8,1200.8,1146.4,1165.8,1187.9,1374.9,1399.8,1277
B 가축분뇨처리_9 가금류,349,387.7,396.6,390.5,400.4,446,460.7,472.6,449.8,508.3,541.5,565.6,588.6,561.7,564,659.8,673.3,691.5,690.9,779.8,816.1,821.3,752,771.9,733.9,789.8,773.1,700,829.3,821.9
B 가축분뇨처리_10 기타 가축(사슴),17.8,20.9,24.1,27.3,30.9,34.8,39.2,44.4,49.2,53,56,58.5,60.1,59.4,57.1,53.4,48.9,43.6,37.5,32.9,28.6,25,21.5,18.5,16.7,14.9,13.5,12.4,11.4,10.7
C 벼재배,10533,10370.6,10079.3,9784.9,9494.9,9228.7,8997.8,8869.1,8885.6,8920.6,8945.7,8962.9,8924.7,8788.7,8590,8395.3,8249.4,8144.3,8047,7981.7,7835.7,7561.8,7276.2,7015.3,6893,6792.9,6726.6,6549.8,6251.2,5913.5
C 벼재배_1 관개,10480.8,10319.3,10029.6,9736.7,9448.2,9183.3,8953.5,8825.5,8841.9,8876.8,8901.7,8918.9,8880.8,8745.5,8547.8,8354.1,8208.9,8104.4,8007.6,7942.6,7797.3,7522.9,7233.9,6974.1,6855.9,6761.8,6695.4,6518.5,6221.5,5888.1
C 벼재배_2 천수답,52.2,51.3,49.7,48.2,46.7,45.4,44.2,43.6,43.7,43.8,43.9,44,43.8,43.2,42.1,41.2,40.4,39.9,39.4,39.1,38.4,38.9,42.3,41.1,37.1,31.1,31.2,31.3,29.7,25.3
D 농경지토양,4605.6,4658.6,4852.9,4927.7,5221.2,5402.2,5575.4,5602.3,5535.6,5279.1,5152.8,4968.3,4870.4,4764.8,4868.6,4988.2,4934.3,4958.8,4903,5105.3,5150.6,4798.5,5112.6,5213.9,5265.7,5243.7,5246.2,5331.4,5462.4,5549.3
D 농경지토양_1 직접배출,2427.2,2461,2576.1,2627.1,2794.8,2901,3003.3,3020.5,2981.3,2832.1,2760.7,2659.9,2611.2,2554.9,2617.2,2689.9,2672.6,2692.4,2668.6,2785,2819.5,2625.5,2809.3,2871.8,2902.2,2890.3,2891,2939.8,3012.9,3063.3
D 농경지토양_2 목장 방목구역 분료(거름), NE , NE , NE , NE , NE , NE , NE , NE , NE , NE , NE , NE , NE , NE , NE , NE , NE , NE , NE , NE , NE , NE , NE , NE , NE , NE , NE , NE , NE , NE 
D 농경지토양_3 간접배출,2178.4,2197.6,2276.8,2300.6,2426.5,2501.3,2572.1,2581.8,2554.2,2447,2392.1,2308.4,2259.2,2209.9,2251.4,2298.3,2261.7,2266.5,2234.4,2320.4,2331.1,2173,2303.3,2342.2,2363.5,2353.4,2355.2,2391.6,2449.5,2486
E 사바나 소각, NO , NO , NO , NO , NO , NO , NO , NO , NO , NO , NO , NO , NO , NO , NO , NO , NO , NO , NO , NO , NO , NO , NO , NO , NO , NO , NO , NO , NO , NO 
F 작물잔사소각,27.2,23.8,21.8,19.8,19,20.2,22.2,23.3,22,21.9,22.3,23.6,22.9,21.1,20.3,20.9,21.4,20.9,20.1,19.9,18.6,16.9,15.9,16.1,16.4,16,15.1,14.6,14.9,15.8
F 작물잔사소각_1 곡류,5.9,5,4.3,3.9,3.5,3.5,3.5,3.4,2.9,2.7,2.5,2.8,2.7,2.8,2.5,2.5,2.4,2.3,2.2,2.4,2.4,2.4,2.3,2,1.8,1.7,2,2.1,2.1,1.6
F 작물잔사소각_2 두류(콩),7.7,7,6.2,5.6,5.2,5,4.9,4.5,4.2,3.8,3.8,3.6,3.6,3.5,3.6,4.2,4.6,4.3,3.9,3.8,3.7,3.6,3.5,3.9,4.1,3.9,3.2,2.7,2.8,3.2
F 작물잔사소각_3 근채류, NO , NO , NO , NO , NO , NO , NO , NO , NO , NO , NO , NO , NO , NO , NO , NO , NO , NO , NO , NO , NO , NO , NO , NO , NO , NO , NO , NO , NO , NO 
F 작물잔사소각_4 사탕수수, NO , NO , NO , NO , NO , NO , NO , NO , NO , NO , NO , NO , NO , NO , NO , NO , NO , NO , NO , NO , NO , NO , NO , NO , NO , NO , NO , NO , NO , NO 
F 작물잔사소각_5 기타,13.7,11.8,11.3,10.3,10.4,11.7,13.9,15.5,14.9,15.4,15.9,17.2,16.6,14.9,14.2,14.2,14.5,14.3,13.9,13.8,12.5,10.8,10.2,10.2,10.5,10.3,9.9,9.8,10,10.9
LULUCF,-37673.4,-33462.3,-32675.2,-30868.5,-33096.5,-31297.4,-34722.1,-39499.2,-48061,-55549.3,-58977.1,-58409,-56130.8,-55584.3,-56866.5,-54961.7,-56168.9,-56812.8,-57605.1,-57127.3,-54753.9,-53260,-48041.2,-43389.6,-44382,-45563.6,-46541.2,-42557.4,-42086.2,-39550.4
A 산림지,-38226.5,-34164.2,-33542.2,-31971.4,-34377.8,-33104.4,-37033.7,-41948.4,-50616.1,-58350.9,-61380.2,-60937.9,-58844.1,-58359.6,-59625.4,-57678.3,-59191.9,-60261.5,-61488.2,-61294.7,-58843.4,-57762.6,-51554.8,-47052.5,-47860.8,-48504.6,-49614.4,-45646.1,-45595.7,-43232.1
A 산림지_1 산림지로 유지된 산림지,-38226.5,-34164.2,-33542.2,-31971.4,-34377.8,-33104.4,-37033.7,-41948.4,-50616.1,-58350.9,-61380.2,-60937.9,-58844.1,-58359.6,-59625.4,-57678.3,-59191.9,-60261.5,-61488.2,-61294.7,-58843.4,-57762.6,-51554.8,-47052.5,-47860.8,-48504.6,-49614.4,-45646.1,-45595.7,-43232.1
A 산림지_2 타토지에서 전용된 산림지, IE , IE , IE , IE , IE , IE , IE , IE , IE , IE , IE , IE , IE , IE , IE , IE , IE , IE , IE , IE , IE , IE , IE , IE , IE , IE , IE , IE , IE , IE 
A 산림지_3 산림지에서 질소 시비로 인한 N2O 배출, NE , NE , NE , NE , NE , NE , NE , NE , NE , NE , NE , NE , NE , NE , NE , NE , NE , NE , NE , NE , NE , NE , NE , NE , NE , NE , NE , NE , NE , NE 
A 산림지_4 산림지에서 배수로 인한 Non-CO2 배출, NO , NO , NO , NO , NO , NO , NO , NO , NO , NO , NO , NO , NO , NO , NO , NO , NO , NO , NO , NO , NO , NO , NO , NO , NO , NO , NO , NO , NO , NO 
A 산림지_5 산림지에서 바이오매스 연소에 의한 배출, NE,,,,,,,,,,,,,,,,,,,,,,,,,,,,,
B 농경지,679.4,905.6,1180.2,1412.8,1722,2438.3,2947.5,3165.5,3270.6,3249.2,3233.3,3311.2,3427.2,3515.8,3545.1,3662.3,3953.2,4265.8,4535.5,4750.3,4833.7,4936.9,4367.4,4315.4,4349,3844.9,3748.8,3855,4007.8,4056.8
B 농경지_1 농경지로 유지된 농경지,,,,,,,,,,,,,,,,,,,,,,,,,,,,,,
B 농경지_2 타토지에서 전용된 농경지,-2520.3,-2166,-1680.2,-1263.2,-671.3,-678.3,-526.3,-521.6,-597.6,-618.8,-617.8,-557,-615.9,-560,-528.5,-515.8,-473.4,-543.6,-561.6,-576.7,-586.9,-546.9,-486.1,-428.7,-320.1,-225.3,-341.2,-325.4,-289.5,-255.8
B 농경지_3 타토지로 전용된 농경지,2843.4,2759.4,2609.1,2450.4,2228.4,2960.4,3334,3533,3692,3693.7,3678.7,3683.6,3825.2,3877.5,3893,3985.2,4249.6,4640.8,4939.2,5153.1,5269.9,5284.5,4674.4,4584.4,4508.4,3929.9,3937.6,4026.4,4160.8,4211.1
B 농경지_4 농경지로의 전용에 따른 N2O 배출,279,239.8,186,139.9,74.3,75.1,58.3,57.8,66.2,68.5,68.4,61.7,68.2,62,58.5,57.1,52.4,60.2,62.2,63.8,65,60.6,53.8,47.5,35.4,24.9,37.8,36,32,28.3
B 농경지_5 농경지에서 농업용 석회시용으로 인한 CO2 배출,77.2,72.5,65.3,85.8,90.6,81,81.5,96.3,110.1,105.8,103.9,123,149.7,136.3,122,135.8,124.6,108.4,95.7,110,85.8,138.8,125.2,112.2,125.3,115.4,114.7,118,104.4,73.2
B 농경지_6 농경지에서 바이오매스 연소에 의한 배출, NE,,,,,,,,,,,,,,,,,,,,,,,,,,,,,
C 초지,-535.7,-567.9,-548.9,-543.3,-542.2,-555.9,-568.3,-580,-581.8,-581.2,-587.4,-568.7,-537.7,-523.7,-488.1,-417.7,-283.9,-217.1,-182.6,-166.8,-152.3,-113.4,-122.2,-116.4,-102.9,-77.8,-54.6,-30.5,-16.6,-7.3
C 초지_1 초지로 유지된 초지,,,,,,,,,,,,,,,,,,,,,,,,,,,,,,
C 초지_2 타토지에서 전용된 초지,-535.7,-567.9,-548.9,-543.3,-542.2,-555.9,-568.3,-580,-581.8,-581.2,-587.4,-568.7,-537.7,-523.7,-488.1,-417.7,-283.9,-217.1,-182.6,-166.8,-152.3,-113.4,-122.2,-116.4,-102.9,-77.8,-54.6,-30.5,-16.6,-7.3
C 초지_3 초지에서 농업용 석회시용으로 인한 CO2 배출, NO , NO , NO , NO , NO , NO , NO , NO , NO , NO , NO , NO , NO , NO , NO , NO , NO , NO , NO , NO , NO , NO , NO , NO , NO , NO , NO , NO , NO , NO 
C 초지_4 초지에서 바이오매스 연소에 의한 배출, NE,,,,,,,,,,,,,,,,,,,,,,,,,,,,,
D 습지,296.4,274.8,288,280.5,285.4,299.3,296.8,318.5,328,317.9,332.5,341.2,353.2,349,334.9,295,304.3,312.8,336.3,328,316,333.4,312.3,318.5,332.7,376.3,360.6,332.2,319.3,322
D 습지_1 습지로 유지된 습지,209.8,195.2,204.9,197.6,202.2,202.5,204.6,224.2,233.1,226.9,240.3,247.7,258.8,259.4,254.5,240.5,257.2,262.7,275.8,266.5,258.7,274.5,259.7,265.6,278.2,313.7,295.4,281.5,283.7,290.3
D 습지_2 타토지에서 전용된 습지,86.6,79.6,83.1,82.9,83.2,96.8,92.2,94.2,94.9,91,92.2,93.5,94.4,89.6,80.4,54.6,47.2,50.2,60.5,61.5,57.3,58.9,52.6,52.9,54.5,62.6,65.2,50.7,35.6,31.7
D 습지_3 습지에서 배수로 인한 Non-CO2 배출, NE , NE , NE , NE , NE , NE , NE , NE , NE , NE , NE , NE , NE , NE , NE , NE , NE , NE , NE , NE , NE , NE , NE , NE , NE , NE , NE , NE , NE , NE 
D 습지_4 습지에서 바이오매스 연소에 의한 배출, NE,,,,,,,,,,,,,,,,,,,,,,,,,,,,,
E 정주지, NE , NE , NE , NE , NE , NE , NE , NE , NE , NE , NE , NE , NE , NE , NE , NE , NE , NE , NE , NE , NE , NE , NE , NE , NE , NE , NE , NE , NE , NE 
F 기타토지, NO , NO , NO , NO , NO , NO , NO , NO , NO , NO , NO , NO , NO , NO , NO , NO , NO , NO , NO , NO , NO , NO , NO , NO , NO , NO , NO , NO , NO , NO 
G 기타,113.1,89.4,-52.3,-47.1,-184,-374.6,-364.4,-454.7,-461.6,-184.2,-575.2,-554.8,-529.4,-565.8,-633.1,-823.1,-950.6,-912.9,-806.1,-744.1,-907.9,-654.4,-1043.8,-854.6,-1099.9,-1202.4,-981.6,-1068.1,-801.1,-689.8
폐기물,10386.5,11638.9,12745.9,13502.2,14444.9,15788.8,16554.3,17271.9,16061.8,16890.1,18858.1,19769,18737.1,18836.3,17708.7,16798.9,17045.1,15804.7,15580.6,15527.2,15350.3,16019.3,16137.7,16373.7,15875.3,16838.6,17122.2,17727.3,17542.7,16912.5
A 폐기물매립,7491.8,8203.4,8745.4,9159.9,9552.4,9795.9,10099.4,10435.8,9547.7,9520.1,9543,9985.3,9982.2,10071.3,9013.4,8876,8614.2,7972.3,7857,7933.7,7754.6,7609.8,7250.3,7184.3,7335.4,7727.4,7598.2,7874.5,7833.6,7728.2
A 폐기물매립_1 관리형 매립,5347,5956.6,6497.3,6972.8,7392.2,7690.5,8057.1,8442.3,7607.5,7650.8,7750.3,8277.7,8357,8524.6,7542.1,7476.5,7283,6706,6652.4,6787.8,6664.7,6573,6264,6246.2,6443,6878.5,6790.8,7106.4,7103,7033.2
A 폐기물매립_2 비관리형 매립,2144.8,2246.8,2248.1,2187,2160.3,2105.4,2042.3,1993.4,1940.3,1869.4,1792.8,1707.6,1625.2,1546.7,1471.3,1399.5,1331.3,1266.3,1204.6,1145.8,1090,1036.8,986.2,938.1,892.4,848.9,807.5,768.1,730.6,695
B 하폐수처리,1465.2,1515.2,1619,1440.7,1812.6,1818.3,1721,1579.4,1595.3,1587.8,1572.4,1607.6,1663.8,1607.8,1544.6,1684.6,1513.1,1583,1527.7,1545.8,1659,1862.6,1679.7,1758.8,1696.2,1648.3,1742.6,2028.5,1864.7,1944.8
B 하폐수처리_1 폐수처리,73.9,88.5,112.9,130.5,177.5,211.5,116,112.8,95.3,116.3,116.3,137.3,161.8,164.6,129.7,182.4,120.2,229.4,214.2,213.3,261.8,458.8,298.1,397.6,346.3,280,375.7,480.8,322,406.6
B 하폐수처리_2 하수처리,1391.4,1426.7,1506.1,1310.2,1635,1606.8,1604.9,1466.6,1500,1471.5,1456.1,1470.3,1502.1,1443.3,1414.9,1502.2,1392.8,1353.6,1313.5,1332.6,1397.2,1403.8,1381.6,1361.3,1349.9,1368.3,1366.9,1547.6,1542.7,1538.2
C 폐기물소각,1429.5,1920.3,2381.5,2901.6,3065.5,4172.9,4728.7,5241,4903.6,5727.9,7636.2,8071.1,6933.6,6999.2,6986.8,6000.4,6630.6,5944,5881.4,5711.9,5642,6199.6,6842.7,6984.6,6338.6,6872,7144.3,7175.9,7095.9,6432.4
D 기타,,,,,14.4,1.7,5.3,15.8,15.1,54.3,106.5,105,157.5,158,164,237.9,287.3,305.3,314.5,335.8,294.7,347.3,365.1,446,505.1,590.9,637.1,648.4,748.6,807.1
별도항목(Memo Item),,,,,,,,,,,,,,,,,,,,,,,,,,,,,,
C 국제벙커링 및 다국적 작전,13947.29,16767.68,20811.62,22053.41,25420.87,29288.16,34901.01,38302.88,37885.36,40982.93,38853.36,37972.61,38058.3,40698.17,42483.07,42937.31,41005.12,41603.62,39131.51,35925.67,38443.92,38167.73,37409.98,37433.98,37978.79,41036.7,46090.25,47006.56,46128.91,42103.37
C 국제벙커링 및 다국적 작전_1 벙커링,13947.29,16767.68,20811.62,22053.41,25420.87,29288.16,34901.01,38302.88,37885.36,40982.93,38853.36,37972.61,38058.3,40698.17,42483.07,42937.31,41005.12,41603.62,39131.51,35925.67,38443.92,38167.73,37409.98,37433.98,37978.79,41036.7,46090.25,47006.56,46128.91,42103.37
C 국제벙커링 및 다국적 작전_1 벙커링_a 국제 항공,6244.18,4259.3,5094.51,5631.91,6324.71,7151.28,7815.15,8510.27,7053.11,7281.06,7685.35,8053.67,9096.73,9560.44,10188.69,10603.59,8598.19,12112.59,11050.84,10525.99,11718.55,11818.67,11907.77,12572.86,12603.16,12961.62,14479.68,14833.01,15628.21,15925.65
C 국제벙커링 및 다국적 작전_1 벙커링_b 국제 해운,7703.11,12508.38,15717.11,16421.5,19096.16,22136.88,27085.86,29792.61,30832.24,33701.87,31168,29918.94,28961.57,31137.73,32294.37,32333.72,32406.94,29491.02,28080.67,25399.68,26725.37,26349.06,25502.21,24861.12,25375.62,28075.08,31610.57,32173.55,30500.69,26177.73
C 국제벙커링 및 다국적 작전_2 다국적 작전, C , C , C , C , C , C , C , C , C , C , C , C , C , C , C , C , C , C , C , C , C , C , C , C , C , C , C , C , C , C 
